search_term,date,time
Â seahawks,2025-11-30,15:20:24
Â katie wilson policies,2025-11-30,10:45:21
Â latie wildon policies,2025-11-30,10:45:17
Â katie wilson,2025-11-30,10:44:51
Â jsn how a backup,2025-11-29,10:56:17
Â jsn,2025-11-29,10:56:01
Â sean o'malley championship fight,2025-11-28,01:33:55
Â acura rdx roof rails installation,2025-11-27,16:20:30
Â youtuve tv,2025-11-27,10:55:06
Â jjbeatz,2025-11-23,19:41:58
Â jbeatz,2025-11-23,19:41:51
Â hur un the woods,2025-11-20,01:01:45
Â spalexma charlie kirk,2025-11-20,00:30:02
Â adam ragusea ground beef,2025-11-19,21:47:47
Â adam ragusea,2025-11-19,21:47:25
Â santa tell me,2025-11-17,22:40:16
Â last christmas,2025-11-17,22:36:24
Â christmas music,2025-11-17,22:35:40
Â lunching power,2025-11-17,17:23:53
Â melhem barakat,2025-11-17,14:52:28
Â coming down house,2025-11-17,12:48:26
Â hawkblogger,2025-11-16,03:35:10
Â jsn,2025-11-16,02:05:09
Â dk crashout,2025-11-16,02:03:53
Â myles garrett mason rudolph,2025-11-16,02:00:59
Â malice at the palace,2025-11-16,01:52:11
Â dk metcalf highlights,2025-11-16,01:51:24
Â 400m world record hurdles,2025-11-16,01:49:47
Â 400m world record,2025-11-16,01:49:25
Â quincy hall 400m,2025-11-16,01:48:08
Â olympics 2024 track and field,2025-11-16,01:46:59
Â leon edwards vs kamaru usman,2025-11-16,01:44:10
Â jiri prochazka vs khalil rountree,2025-11-16,01:42:48
Â jon jones lyoto machida,2025-11-16,01:41:27
Â ben askren vs jorge masvidal,2025-11-16,01:40:09
Â videos to when high,2025-11-15,01:39:48
Â geometry dash music slowed + reverb,2025-11-10,21:14:39
Â illia topuria,2025-11-10,17:08:23
Â jdm vs belal,2025-11-10,17:01:01
Â seahawks,2025-11-10,16:48:36
Â daves chicken reaper,2025-11-10,16:40:07
Â daves chicken,2025-11-10,16:39:53
Â jynxzi,2025-11-10,16:32:15
Â geometry dash music slowed + reverb,2025-11-10,14:42:42
Â shine slowed,2025-11-10,14:26:41
Â eyes in the sky,2025-11-10,14:26:30
Â shine song,2025-11-10,14:23:00
Â radiohead 21 savage,2025-11-09,18:07:02
Â radiohead x,2025-11-09,18:06:45
Â t1,2025-11-09,01:10:37
Â cheese tower zach choi,2025-11-09,00:53:22
Â catch clean cook island,2025-11-09,00:52:10
Â catch clean cook,2025-11-09,00:51:49
Â erik the electric cheesecake,2025-11-09,00:48:40
Â cheese tower,2025-11-09,00:46:59
Â isoxo skrillex,2025-11-08,02:01:42
Â rachmaninoff piano concerto 2,2025-11-08,01:17:59
Â going the distance,2025-11-08,01:07:04
Â cry cigarettes after sex,2025-11-08,00:55:55
Â big shaq mans not hot,2025-11-08,00:52:53
Â shloop,2025-11-08,00:44:16
Â schloop,2025-11-08,00:39:41
Â monstercat,2025-11-08,00:38:43
Â shine song,2025-11-08,00:38:32
Â shien,2025-11-08,00:38:28
Â epic lock in gamign music,2025-11-08,00:38:20
Â goon playlist,2025-11-08,00:37:59
Â super hot tittie for goon,2025-11-08,00:37:51
Â best autumn baddie playlist,2025-11-08,00:37:22
Â isoknock,2025-11-08,00:36:08
Â EPIC LOCK IN GAMIGN MUSIC,2025-11-08,00:36:00
Â men i trust,2025-11-08,00:21:12
Â i miss 2016 song,2025-11-07,23:47:42
Â epic gaming music edm,2025-11-07,23:43:09
Â most epic gaming music of all time,2025-11-07,23:42:43
Â how to get lighter on lead leg muay thai,2025-11-06,15:05:43
Â low to get lighter on lead leg muay thai,2025-11-06,15:05:35
Â low to get lightwe on lead leg,2025-11-06,15:05:30
Â muay thai bagworj,2025-11-06,14:58:03
Â muay thai footwork,2025-11-06,14:57:56
Â muay thai footwork,2025-11-05,16:23:15
Â muay thai combo,2025-11-05,16:10:57
Â muay thai bag combo,2025-11-05,16:10:55
Â muay thai bag work,2025-11-05,16:10:12
Â thatsgoodsports,2025-11-04,22:16:52
Â riley cr,2025-11-04,10:49:25
Â shaun alexander highlights,2025-11-03,13:54:08
Â muay thai bag workout,2025-11-03,11:59:26
Â made the cut,2025-11-02,21:21:11
Â radiohead 21 savage x,2025-11-01,12:05:36
Â aroldis chapman,2025-10-31,00:38:05
Â geometry dash slowed,2025-10-28,21:03:17
Â geometry dasg sllwed,2025-10-28,21:03:16
Â al qantara andalusian - simon shaheen,2025-10-27,14:36:41
Â al qantara - simon shaheen,2025-10-27,14:36:12
Â malice at the palace,2025-10-26,23:02:34
Â boston celtics,2025-10-26,22:52:41
Â riley,2025-10-24,13:42:59
Â nyc mayoral bodega,2025-10-23,02:47:06
Â weeknd coming down house remix,2025-10-22,16:56:26
Â nightcrawler travis scott,2025-10-22,16:52:49
Â oum kalthoum alf leila wa leila,2025-10-22,14:04:10
Â oum kalthoum alf leila wa leila,2025-10-22,09:34:42
Â fairuz,2025-10-22,09:32:31
Â seahawks,2025-10-20,19:11:12
Â hawkblogger,2025-10-19,23:56:13
Â jab speed training muay thai,2025-10-19,13:21:58
Â jab speed training,2025-10-19,13:21:42
Â roundhouse kick muay thai,2025-10-19,13:14:12
Â roudn house kick,2025-10-19,13:14:07
Â muay thai bag workout,2025-10-19,13:00:49
Â jaire alexander seatbel t,2025-10-19,10:17:00
Â jaire alexander seatbelt clip,2025-10-19,10:16:22
Â strapped football celebration,2025-10-19,10:13:35
Â strapped football,2025-10-19,10:13:25
Â ig vs t1,2025-10-17,19:54:40
Â dk metcalf jsn clip,2025-10-17,19:23:26
Â dk metcalf jsn clip for edit,2025-10-17,19:23:17
Â dk metcalf jsn clip,2025-10-17,19:23:11
Â dk metcalf jsn handshake,2025-10-17,19:23:04
Â jsn dk metcalf handshake,2025-10-17,19:21:48
Â jsn dk metcalf dap up,2025-10-17,19:21:24
Â jsn dk metcalf,2025-10-17,19:21:12
Â big shaq mans not hot,2025-10-17,19:18:42
"Â if i can do it then why can't, 2 plus 2 if 4 clip",2025-10-17,19:15:57
"Â if i can do it then why can't, 2 plus 2 if 4",2025-10-17,19:14:58
Â if i can do it then why can't you,2025-10-17,19:14:46
Â scientist x knife talk,2025-10-13,08:48:34
Â seahawsks,2025-10-12,22:42:40
Â seahawks vs jaguars,2025-10-12,12:43:12
Â seahawks,2025-10-12,12:43:05
Â clarity x better off alone,2025-10-09,13:42:53
Â how to mske gpt5 mor deterministic,2025-10-09,12:38:23
Â weeknd coming down house remix,2025-10-08,20:25:20
Â kronus clarity,2025-10-07,14:05:31
Â openai agent builder,2025-10-07,11:52:38
Â loose change,2025-10-04,22:59:27
Â mariners,2025-10-04,22:54:30
Â loose change 911,2025-10-04,22:45:45
Â malice at the palace,2025-10-03,00:23:10
Â lebron isaiah stewart,2025-10-03,00:21:46
Â draymond green compilation,2025-10-03,00:07:24
Â muller face kick,2025-10-03,00:05:54
Â myles garrett mason rudolph,2025-10-03,00:03:04
Â canucks flames brawl,2025-10-02,23:59:05
Â nhl fights,2025-10-02,23:55:00
Â nhl hits,2025-10-02,23:50:58
Â riq woolen lowlights,2025-10-02,23:44:57
Â riq woolen 40 yard dash,2025-10-02,23:43:20
Â weeknd coming down house remix,2025-09-30,00:05:40
Â weeknd ckming down house temix,2025-09-30,00:05:39
Â system prompt vs user prompt,2025-09-29,13:42:14
Â context engineering,2025-09-29,13:23:03
Â best fried rice recipe,2025-09-28,16:22:25
Â weeknd house remix,2025-09-27,22:24:28
Â sf 49ers,2025-09-23,21:59:49
Â old boy david,2025-09-23,13:12:45
Â bears vs cowboys,2025-09-23,12:57:11
Â lion,2025-09-22,19:52:50
Â seahawks,2025-09-21,12:01:03
Â raideres,2025-09-21,09:54:11
Â 49,2025-09-21,09:32:19
Â seattle seahawks,2025-09-21,09:07:58
Â la rams,2025-09-21,09:07:43
Â xbow,2025-09-19,16:57:20
Â ryley,2025-09-19,16:36:14
Â tyley,2025-09-19,16:36:10
Â nfl,2025-09-18,19:40:25
Â bills vs dophils,2025-09-18,19:25:50
Â bils,2025-09-18,19:25:42
Â muay thai kicks,2025-09-18,09:51:45
Â muay thai,2025-09-18,09:51:42
Â rsidrrs,2025-09-15,22:28:41
Â roblox pm interview,2025-09-15,15:54:13
Â roblox pm intreview,2025-09-15,15:54:06
Â greatest poster dunks of all time,2025-09-13,23:47:52
Â kai jones highlights,2025-09-13,23:44:20
Â aaron gordon high school highlights,2025-09-13,23:42:42
Â isaiah thomas,2025-09-13,23:41:01
Â marshawn lynch highlights,2025-09-13,23:35:48
Â product sense interview,2025-09-13,20:23:55
Â thursday night football,2025-09-13,18:36:06
Â roblox apm interview,2025-09-11,18:30:23
Â roblox apm,2025-09-11,18:30:17
Â charlie kirk hasanabi,2025-09-10,18:55:46
Â charlie kirk hasan piker fight,2025-09-10,18:55:41
Â charlie kirk,2025-09-10,18:55:23
Â exponent pm,2025-09-10,15:18:15
Â seahawks,2025-09-07,10:49:02
Â nfl,2025-09-07,10:40:06
Â nfl,2025-09-05,19:41:50
Â nfl,2025-09-04,16:21:14
Â airbnb ad,2025-09-04,15:27:01
Â uber ad,2025-09-04,15:26:55
Â uber ad ai,2025-09-04,15:26:52
Â nfl,2025-09-02,09:41:03
Â ryley clash royale,2025-09-01,13:06:52
Â ryley,2025-09-01,13:06:36
Â creep daniel caesar lyrics,2025-09-01,00:01:02
Â ryley,2025-08-31,23:10:38
Â seahawks packers,2025-08-26,09:19:49
Â zhang mingyang,2025-08-20,18:39:00
Â seahawks,2025-08-19,12:54:20
Â bears vs bills,2025-08-19,12:54:06
Â seahawks,2025-08-18,02:59:52
Â adesanya vs pereira,2025-08-13,20:35:31
Â yassuo best of 2018,2025-08-11,22:05:45
Â az cardinals,2025-08-09,19:51:12
Â cardinals,2025-08-09,19:51:01
Â Stetson Bennet,2025-08-09,19:38:55
Â nfl,2025-08-09,19:38:09
Â xbow 3.0 guide,2025-08-08,11:45:54
Â seahawks,2025-08-07,23:25:00
Â seawaks collective,2025-08-05,21:22:11
Â muay thai in mma,2025-08-04,14:06:00
Â muay thai superlek,2025-08-04,14:04:52
Â muay thai fights,2025-08-04,14:04:45
Â muay thai,2025-08-04,13:51:56
Â sysphus,2025-08-03,20:41:23
Â goblin machine animation,2025-07-30,10:04:23
Â women creaming anatomy,2025-07-30,00:26:57
Â fire spirit goblin barrel,2025-07-29,07:55:16
Â valkyrie goblin barrel,2025-07-29,07:53:39
Â goblin giwnt soarky,2025-07-27,17:08:13
Â bridgespam,2025-07-27,10:08:36
Â i piss and poo,2025-07-26,11:47:56
Â i pee and poo,2025-07-26,11:47:42
Â frank ocean nostalgia ultra,2025-07-23,07:43:51
Â seawaks collective,2025-07-22,22:38:53
Â ryley cr,2025-07-21,23:31:33
Â superman teview,2025-07-16,20:44:21
Â best clash royale deck,2025-07-16,19:22:17
Â f2p guide,2025-07-16,07:48:42
Â superman,2025-07-15,18:33:23
Â goblin giant pekka deck,2025-07-13,10:19:13
Â best clash royale deck,2025-07-13,09:48:13
Â ilia topuria,2025-07-07,15:33:02
Â impractical jokers punishments compilation,2025-07-06,22:58:17
Â impractical jokers murr punishment,2025-07-06,22:54:13
Â impractical jokers funniest moments,2025-07-06,22:52:20
Â impractical jokers women's conference,2025-07-06,22:51:56
Â worth it,2025-07-06,22:17:58
Â illia topuria,2025-07-06,16:33:37
Â korean zombie,2025-07-06,16:27:17
Â ufc middleweight champion,2025-07-06,16:20:11
Â football analogy,2025-07-01,19:50:50
Â football anolgy,2025-07-01,19:50:47
Â case of the missing hit,2025-07-01,19:50:32
Â reply all podcast,2025-07-01,19:50:16
Â bobby b's,2025-06-28,13:16:59
Â mariano poker,2025-06-25,20:34:26
Â forward neck posture exercises,2025-06-25,07:24:24
Â devil in a new dress kanye west,2025-06-22,13:39:51
Â give a ni$$a a break,2025-06-21,01:20:15
Â yung kai,2025-06-20,23:38:57
Â myles garrett mason rudolph,2025-06-19,22:16:22
Â bay area car crash compilation,2025-06-18,20:37:11
Â dj vera,2025-06-14,14:52:27
Â chuck heist setup,2025-06-14,09:35:29
Â travis gafford,2025-06-10,12:55:03
Â dj vera no one noticed x i don't fuck with you,2025-06-09,20:25:37
Â dj vera no one noticed x i dont fuck eoth you,2025-06-09,20:25:35
Â dj vera no one noticed x i dont givd a f,2025-06-09,20:25:14
Â dj vera no one noticed,2025-06-09,20:25:05
Â dj vera,2025-06-09,20:24:48
Â dh vera,2025-06-09,20:24:43
Â windsurf ai settin gup,2025-06-06,17:50:25
Â michael dickson,2025-06-04,22:47:16
Â kairos time,2025-06-03,22:56:19
Â vienna billy joel acoustic,2025-05-29,19:05:40
Â vienna billy joel,2025-05-29,19:05:30
Â hawkblogger,2025-05-28,05:56:54
Â kairos time,2025-05-26,09:28:13
Â timberwolves vs okc,2025-05-25,21:56:35
Â knicks vs pacers,2025-05-25,21:48:17
Â muay thai,2025-05-25,09:19:54
Â muay thai,2025-05-24,11:06:42
Â jab and cross in muay thai,2025-05-24,08:33:42
Â muay thai basics,2025-05-24,08:29:54
Â lta,2025-05-18,18:55:47
Â ai ascrnt,2025-05-18,18:54:00
Â coincidence i think not,2025-05-14,16:36:14
Â nerd emoji song,2025-05-14,16:24:49
Â right away boy 2000,2025-05-14,16:12:40
Â charli xcx boom clap,2025-05-14,15:52:52
Â charli xcx,2025-05-14,15:52:45
Â rose chainsmokers,2025-05-14,15:51:52
Â rose,2025-05-14,15:51:42
Â calisthenics workout,2025-05-14,15:36:29
Â how to use paddle shifters,2025-05-14,08:44:44
Â i'm still standing,2025-05-14,07:38:06
Â marvel fantastic 4,2025-05-14,06:50:59
Â marvel fantastic 4,2025-05-13,23:54:36
Â thinderbolts,2025-05-13,23:46:49
Â calisthenics workout,2025-05-13,15:16:56
Â 100 farms in minecraft,2025-05-13,05:05:52
Â going the distance,2025-05-07,04:47:27
Â better call saul,2025-05-06,14:25:46
Â going the distance,2025-05-06,11:28:44
Â dramtifc drumo sound effect,2025-05-06,11:08:10
Â 7 summers,2025-05-06,11:04:54
Â brawl stars,2025-05-05,16:53:35
Â walt and jesse kidnap saul,2025-05-05,14:21:04
Â kolanii,2025-05-04,02:59:21
Â cbat,2025-05-03,14:16:29
Â cbat,2025-05-03,09:43:38
Â dr k i judge my past self,2025-05-01,16:05:45
Â dr k self cringe,2025-05-01,15:45:16
Â saquan barkely backwards hurdle,2025-04-29,08:08:50
Â marshawn lynch highlights,2025-04-29,08:06:51
Â seahwaks vs patriots superbowl last play,2025-04-29,08:06:04
Â jermain kearse superbowl catch,2025-04-29,08:05:14
Â jokic full court heave,2025-04-29,08:04:20
Â bicycle kick zlatan ibrahimovic,2025-04-29,08:03:44
Â rooney bibycle,2025-04-29,08:03:26
Â brazil bicycle kick,2025-04-29,08:02:51
Â rooney bicycle,2025-04-29,08:02:26
Â mbappe goals,2025-04-29,08:01:36
Â yamine lamal goals,2025-04-29,08:00:58
Â yamine lamal,2025-04-29,08:00:04
Â andre russell 53 from 18,2025-04-29,07:56:46
Â marshawn lynch vs high schoolesr,2025-04-29,07:53:47
Â nba,2025-04-29,07:48:18
Â lakers vs timberwolves,2025-04-29,07:41:34
Â love theme,2025-04-28,13:14:58
Â buddhism,2025-04-28,12:10:02
Â nikocado avocado,2025-04-28,02:21:23
Â timberwolves,2025-04-28,00:35:08
Â rob staton seahawks,2025-04-27,13:23:42
Â ways to tuck in oversized t shirt,2025-04-27,08:35:49
Â give a ni$$a a break,2025-04-26,01:38:26
Â violent crimes,2025-04-26,01:26:32
Â frank ocean nostalgia ultra,2025-04-26,01:19:13
Â marshawn lynch vs ray lewis,2025-04-24,07:58:37
Â marshawn lynch highlights,2025-04-24,00:20:41
Â rockets vs,2025-04-24,00:08:39
Â go a nixxa a break,2025-04-23,14:04:15
Â go a nigga a break,2025-04-23,14:03:57
Â clippers vs nuggets game 2,2025-04-21,23:06:52
Â clippers vs nuggets,2025-04-21,23:06:41
Â lakers vs timberwolves,2025-04-19,23:03:57
Â nuggets vs clippers,2025-04-19,22:57:41
Â brawl talk,2025-04-19,09:27:00
Â unknown p,2025-04-18,07:35:32
Â dr k,2025-04-15,10:42:03
Â dr k,2025-04-14,07:05:54
Â seahawks vs cardinals 58-0,2025-04-09,05:53:23
Â five guys pov,2025-04-08,08:19:06
Â saquon barkley highlights,2025-04-08,08:04:13
Â marshawn lynch,2025-04-08,07:53:48
Â russell wilson highlights,2025-04-07,06:08:29
Â believe house remix,2025-04-01,03:51:44
Â russell wilson highlights,2025-03-31,05:33:48
Â brothers kanye,2025-03-29,03:31:38
Â nexpo,2025-03-28,21:36:13
Â fern,2025-03-28,21:35:46
Â dr k,2025-03-27,12:08:06
Â ollie brawl stars,2025-03-26,06:43:04
Â prime james harden,2025-03-26,06:37:51
Â sir yacht,2025-03-23,12:36:08
Â typic ineland meal,2025-03-23,07:28:05
Â kanye,2025-03-23,06:54:26
Â future sounds mike dean juice,2025-03-23,06:50:20
Â sounds mike dean version,2025-03-23,06:49:52
Â slunds mike dean,2025-03-23,06:49:33
Â brothers kanye,2025-03-23,06:48:51
Â brothers kanye,2025-03-23,02:38:49
Â icelands best smash burger,2025-03-23,02:15:29
Â animals eating things in the wild,2025-03-22,16:34:50
Â animals eating thing s,2025-03-22,16:34:23
Â water buffalo eating grass,2025-03-22,16:33:20
Â give a ni$$a a break,2025-03-22,08:28:58
Â arrakis theme,2025-03-22,02:36:56
Â runaway,2025-03-22,02:08:14
Â carl brawl stars,2025-03-20,09:34:41
Â smash burger,2025-03-19,02:33:17
Â closing night the weeknd,2025-03-17,10:41:45
Â key and peele slave,2025-03-17,10:05:12
Â loading bar,2025-03-17,08:34:07
Â crush,2025-03-17,07:14:19
Â backr00ms,2025-03-17,05:28:38
Â backrooms,2025-03-17,05:28:28
Â bingi with babish godfather,2025-03-17,02:41:53
Â water buffalo eating grass,2025-03-17,01:54:10
Â water buffalo eating,2025-03-17,01:53:50
Â erik the electric tesla,2025-03-16,12:36:08
Â erik the electric,2025-03-16,12:35:52
Â crush,2025-03-16,02:38:57
Â crush carti,2025-03-15,17:46:14
Â crush carti,2025-03-15,14:52:34
Â eviljordan,2025-03-15,01:28:58
Â hoodbyair,2025-03-14,18:08:39
Â hoodbyair,2025-03-14,17:31:46
Â wechat higher brothers,2025-03-14,13:52:12
Â yung kai,2025-03-14,13:16:20
Â evil jordan,2025-03-14,03:38:59
Â MONTAGEM LADRAO (Ultra Slowed),2025-03-14,00:34:08
Â erik the electric,2025-03-13,10:57:51
Â kanye,2025-03-12,12:40:59
Â the way things go beabadoobee,2025-03-12,12:39:51
Â the way things go beabadoobee slowed,2025-03-12,12:39:48
Â the ways rhinjs go,2025-03-12,12:39:44
Â eric reprid jennie,2025-03-11,23:51:16
Â eric reprid,2025-03-11,23:51:06
Â montagem ladrao super slowed,2025-03-11,13:29:11
Â montagem ladrao slowed,2025-03-11,13:28:59
Â the perfect pair phonk,2025-03-11,13:21:09
Â if i told you you know how to break my heart in two,2025-03-11,13:21:00
Â ybg dbkaisen,2025-03-11,13:20:44
Â wave videos without tiktok watermark,2025-03-10,07:18:06
Â wave videos without tikotk watermark,2025-03-10,07:17:59
Â carl hypercharge buy,2025-03-10,07:16:01
Â carl hupercharge buy,2025-03-10,07:15:55
Â yung kai,2025-03-10,00:46:03
Â dank memes compilation,2025-03-06,21:35:01
Â failarmy near death,2025-03-06,21:32:30
Â failarmy,2025-03-06,21:29:20
Â kyrie irving 1 on 1 highlights,2025-03-06,21:20:14
Â kyrie irving highlights,2025-03-06,21:14:25
Â ethoslab,2025-03-06,21:13:09
Â dune 2 scenes,2025-03-06,08:57:08
Â dune 2 scenes,2025-03-06,00:58:10
Â 2014 superbowl highlights,2025-03-05,07:23:46
Â 2013 superbowl highlights,2025-03-05,07:23:39
Â anthony bourdain,2025-03-04,09:29:12
Â chef movie cooking scenes,2025-03-04,08:44:36
Â chef cooking scenes,2025-03-04,08:43:35
Â seahawks 2024 season 'highlights,2025-03-04,08:17:15
Â seahawks 2024 highlights,2025-03-04,08:17:11
Â legion of boom highlights,2025-03-04,08:05:05
Â legion of boom highlights,2025-03-03,13:28:30
Â erik the electric fire compilation,2025-03-03,11:10:38
Â erik the electric,2025-03-03,11:10:22
Â idris elba house tour,2025-02-28,04:52:21
Â mens fashion,2025-02-28,02:32:25
Â fendi milan fashion week,2025-02-27,00:57:32
Â onitsuka tiger milan fashion week,2025-02-27,00:13:24
Â onistuka tiger,2025-02-27,00:13:12
Â the answer is not a hut in the wood,2025-02-25,15:26:46
Â intensive debate classical music,2025-02-24,13:59:14
Â pashmina tie,2025-02-24,10:23:41
Â pashmina,2025-02-24,10:23:23
Â ranked brawl stars,2025-02-23,17:00:50
Â icey planet,2025-02-21,16:12:01
Â rob staton seahawks,2025-02-20,20:34:30
Â robbstaton,2025-02-20,20:34:24
Â the answer is not a hut in the wood,2025-02-19,15:46:13
Â why did dk fall in the draft,2025-02-19,15:44:59
Â brawl stars lost phonk,2025-02-19,11:58:56
Â sydney sweenyey ken carson,2025-02-19,11:58:07
Â sydney sweenyey,2025-02-19,11:58:02
Â all buster voice lines,2025-02-19,11:50:46
Â carti crush,2025-02-19,11:36:17
Â stand on it,2025-02-19,11:31:25
Â thoguht i was playing,2025-02-19,11:03:18
Â crushed dat bitch,2025-02-19,10:46:06
Â rackie fitness,2025-02-19,10:09:17
Â tft builds,2025-02-19,00:43:09
Â tft,2025-02-19,00:43:04
Â the answer is not a hut in the wood,2025-02-18,16:11:31
Â cordelius brawl stars,2025-02-17,02:48:15
Â pika brawl stars,2025-02-16,08:43:31
Â brawl talk,2025-02-13,04:55:15
Â never see me again,2025-02-13,04:39:46
Â crush playboi carti,2025-02-12,03:18:32
Â weeknd tiny desk,2025-02-11,13:42:33
Â crush playboi carti,2025-02-11,12:57:44
Â u smile justin bieber,2025-02-11,12:55:34
Â dune soundtrack,2025-02-11,12:51:26
Â justin bieber 800,2025-02-11,12:44:09
Â crush playboi carti,2025-02-11,10:58:05
Â crush playboi carti,2025-02-11,04:49:30
Â carti weeknd,2025-02-11,04:47:52
Â carri weeknd,2025-02-11,04:47:50
Â superbowl,2025-02-10,01:34:49
Â justin bieber 800,2025-02-09,13:51:04
Â justin bieber,2025-02-09,13:51:03
Â erik the electric in n out,2025-02-09,09:50:34
Â erik the electric cheesecake,2025-02-09,09:50:21
Â erik the electric,2025-02-09,09:43:23
Â kairos time,2025-02-07,16:19:59
Â shawn cee live hurry up tomorrow,2025-02-02,03:46:28
Â shawn cee live,2025-02-02,03:46:08
Â shawn cee hurry up,2025-02-02,03:45:44
Â shawn cee,2025-02-02,03:45:22
Â fantano weeknd,2025-02-01,04:02:59
Â armani fashion show,2025-01-31,08:31:41
Â prada mens 2025,2025-01-31,03:19:43
Â dods vogue,2025-01-31,03:17:29
Â dods kim adre,2025-01-31,03:16:43
Â dods kim adres,2025-01-31,03:16:41
Â dods,2025-01-31,03:16:08
Â dods shoot,2025-01-31,03:16:03
Â dods model shoot,2025-01-31,03:16:00
Â dods,2025-01-31,03:15:37
Â dobbs,2025-01-31,03:15:15
Â christian dior 2025,2025-01-28,14:05:24
Â why does my dick not get hard in bed,2025-01-26,17:22:26
Â hitting buzzer beater on paul george,2025-01-26,17:12:50
Â paul geoge smooth,2025-01-26,17:10:13
Â mr beast,2025-01-26,17:04:41
Â high protein low cost meal prep,2025-01-26,16:59:11
Â nina table scene code geass,2025-01-23,23:06:44
Â thebausffs stupid moments,2025-01-23,03:21:05
Â thebausffs best moments,2025-01-23,03:17:50
Â thebausffs sion,2025-01-23,03:17:23
Â give a ni$$a a break,2025-01-20,13:43:57
Â elise league,2025-01-13,19:13:31
Â tft ekko,2025-01-13,16:26:05
Â tft,2025-01-13,16:25:53
Â ravens vs steelers highlights,2025-01-11,23:31:53
Â chargers vs texans,2025-01-11,18:40:29
Â interstellar review,2025-01-10,00:13:54
Â intersgllar review,2025-01-10,00:13:43
Â 2024,2025-01-09,17:20:00
Â outdoor boys,2025-01-07,23:40:40
Â noxus,2025-01-07,22:56:42
Â butter ski,2025-01-06,13:24:44
Â nasus jungle,2025-01-05,22:25:15
Â seahawks,2025-01-05,19:18:31
Â 22 miles and,2025-01-05,01:23:59
Â ludwig tyler1,2025-01-03,23:51:16
Â breakup songs,2025-01-01,17:46:00
Â after you kanye sample,2025-01-01,17:24:30
Â one block minecraft,2025-01-01,01:03:16
Â new years,2025-01-01,00:00:26
Â heartbreak,2024-12-31,22:48:48
Â indecision,2024-12-31,22:45:06
Â 6 months of heartbreak documented,2024-12-31,16:39:15
Â timeless the weeknd,2024-12-31,01:27:25
Â aye say gang future,2024-12-31,01:26:57
Â squabble up kendrick lamar,2024-12-31,01:26:14
Â daniel caesar streetcar,2024-12-31,01:25:37
Â daniel ceasar,2024-12-31,01:21:54
Â squabble up kendrick lamar reaction,2024-12-31,01:16:02
Â daniel caesar homiesexual,2024-12-31,01:15:07
Â sweet tyler the creator,2024-12-31,01:10:20
Â ss ken carson,2024-12-31,01:08:49
Â swing my way offset,2024-12-31,01:08:32
Â taylor swift better than revenge,2024-12-31,01:02:57
Â taylor switf revenge,2024-12-31,01:02:30
Â the reason hoobastank,2024-12-31,00:55:54
Â monster don diablo,2024-12-31,00:55:24
Â this is what it feels like armin van buuren,2024-12-31,00:51:22
Â enchanted taylor swift,2024-12-31,00:50:46
Â enchantrf,2024-12-31,00:50:28
Â daniel caesar creep,2024-12-31,00:49:45
Â daniel caesar,2024-12-31,00:49:38
Â stargazing kygo,2024-12-31,00:47:48
Â stargazing,2024-12-31,00:47:42
Â i feel it coming,2024-12-31,00:46:35
Â out of time,2024-12-31,00:43:17
Â superposition daniel caesar,2024-12-31,00:39:13
Â always daniel caesar,2024-12-31,00:37:37
Â please do not lean daniel caesar,2024-12-31,00:34:56
Â ghost town,2024-12-31,00:31:18
Â indecision daniel caesar,2024-12-31,00:28:16
Â power hour drinking game,2024-12-30,21:05:51
Â power hour,2024-12-30,21:05:00
Â power hour,2024-12-30,20:13:07
Â indecision,2024-12-30,15:29:29
Â sisyphus 55 for her,2024-12-29,19:02:20
Â horses,2024-12-29,19:01:55
Â how to save a life meaning,2024-12-29,15:12:37
Â indecision daniel caesar,2024-12-29,13:19:15
Â breakup,2024-12-29,01:21:09
Â indecision daniel caesar,2024-12-29,01:09:55
Â max guide brawl stars,2024-12-28,23:57:27
Â horsepower daniel caesar,2024-12-28,23:11:15
Â indecision daniel caesar,2024-12-28,23:07:20
Â indecision daniel caesar,2024-12-28,11:07:29
Â creep daniel caesar lyrics,2024-12-28,11:04:12
Â HORSEPOWER,2024-12-27,23:39:37
Â ski grab,2024-12-27,14:53:29
Â nose butter ski,2024-12-27,11:23:23
Â 6 months of heartbreak documented,2024-12-26,14:26:12
Â brawl stars max,2024-12-25,16:47:01
Â post breakip,2024-12-25,00:33:27
Â mistakes youll make when falling in love,2024-12-24,14:42:57
Â tft,2024-12-24,14:37:09
Â maddie tft,2024-12-23,20:13:13
Â maddie the baddie,2024-12-23,20:13:05
Â runaway,2024-12-23,19:14:09
Â ghost town free,2024-12-23,00:14:13
Â freeee ghost town pt 2,2024-12-23,00:12:18
Â ghost town kanye west,2024-12-22,23:52:55
Â seahaks,2024-12-22,20:38:58
Â runaway,2024-12-22,17:17:55
Â ghost town,2024-12-22,17:09:20
Â seahaks,2024-12-22,16:27:08
Â Runaway,2024-12-21,19:27:03
Â creep daniel caesar lyrics,2024-12-20,19:46:53
Â grading every team 2024 draft,2024-12-20,19:12:40
Â tft trolling,2024-12-20,18:22:58
Â box ski,2024-12-20,13:46:49
Â tft quick striker,2024-12-19,19:15:59
Â kesah nunu',2024-12-19,17:24:24
Â ludwig league,2024-12-18,13:44:48
Â 2024 draft,2024-12-17,23:21:29
Â 2023 draft mock,2024-12-17,22:52:24
Â 2024 draft mock,2024-12-17,22:52:06
Â michael dickson double punt,2024-12-17,20:03:34
Â seahawks nfc 2014 interview,2024-12-17,19:11:10
Â seahawks nfc 2014,2024-12-17,19:08:05
Â can't remember how to say your name,2024-12-17,13:56:48
Â beginners guide to tea,2024-12-16,14:13:17
Â beginners fuide to tea,2024-12-16,14:13:15
Â runaway,2024-12-15,22:02:14
Â runaway,2024-12-15,20:21:58
Â russell wilson after packers win,2024-12-15,15:13:22
Â silco vanger statue,2024-12-14,11:18:38
Â rictus arcane speak,2024-12-14,11:17:43
Â singed why does anyone,2024-12-14,11:15:04
Â why does anyone do things ohters wojfl deem,2024-12-14,11:14:57
Â the brighter a star burns heimerdinger,2024-12-14,11:11:47
Â full day of meal prep,2024-12-13,10:36:13
Â meal prep high protein,2024-12-13,10:36:05
Â meal prep,2024-12-13,10:33:38
Â froggy fresh give a ni$$a a break reaction,2024-12-11,16:27:53
Â weeknd glimpse of us,2024-12-08,22:15:07
Â creep daniel caesar lyrics,2024-12-08,22:04:52
Â skin short film,2024-12-07,23:28:24
Â weeknd out of time,2024-12-07,21:14:31
Â weeknd glimpse of us,2024-12-07,19:30:25
Â weekndglimpse kf us,2024-12-07,19:30:23
Â weeknd,2024-12-07,19:25:51
Â devil in a new dress kanye west,2024-12-07,18:51:56
Â weeknd out of time,2024-12-07,15:19:08
Â gravity bong,2024-12-07,05:07:00
Â topia twin,2024-12-07,02:15:03
Â weeknd out of time,2024-12-06,21:49:11
Â jasontheween old tiktoks,2024-12-06,20:45:40
Â jasontheween yujin,2024-12-06,20:43:30
Â jasontheween,2024-12-06,20:43:11
Â weeknd lofi,2024-12-06,20:41:08
Â spot jennie zico,2024-12-06,20:38:49
Â weeknd,2024-12-06,20:35:08
Â joji,2024-12-06,19:52:16
Â timeless,2024-12-06,19:44:54
Â type shi,2024-12-06,19:40:58
Â topia twin,2024-12-06,19:28:11
Â videos to when high,2024-12-06,19:25:14
Â topia twin,2024-12-06,18:53:45
Â nature 4k,2024-12-06,17:42:20
Â outdoor boys food montage,2024-12-06,17:32:23
Â ski park,2024-12-06,15:23:58
Â never see me again,2024-12-06,11:17:36
Â amy table tennis,2024-12-05,19:32:45
Â rachel sung table tennis,2024-12-05,19:26:27
Â side spin serve in table tennis,2024-12-05,19:07:29
Â chop serve,2024-12-05,19:07:23
Â vi cage fight,2024-12-05,18:40:51
Â schnee,2024-12-05,18:01:44
Â baus,2024-12-04,13:31:04
Â zach choi,2024-12-02,18:33:04
Â The diary of a CEO sexual health,2024-11-30,17:35:49
Â The diary of a CE,2024-11-30,17:35:42
Â 2013 nfl season,2024-11-29,00:06:11
Â viktor skins,2024-11-28,14:33:42
Â 10 things mashawn lynch,2024-11-28,14:29:44
Â dk vs lattimore,2024-11-27,16:54:30
Â dk metcalf tyreek hill,2024-11-27,16:29:57
Â savior vbiktor,2024-11-26,19:56:10
Â viktor reqwords,2024-11-26,19:50:20
Â 60 vs 120hz,2024-11-26,00:55:43
Â powder and ekko,2024-11-24,17:12:47
Â smile 2,2024-11-23,16:07:17
Â heretic,2024-11-23,16:04:22
Â jasontheween dr k,2024-11-23,09:51:31
Â dr k,2024-11-23,09:51:10
Â movies,2024-11-21,22:32:52
Â ghost town,2024-11-20,18:10:49
Â some day some day some day i'll i wanna wear a starry crown,2024-11-20,18:10:42
Â nuggest,2024-11-19,21:21:22
Â some day some day some day i'll i wanna wear a starry crown,2024-11-18,23:51:45
Â rushes frank ocean,2024-11-18,13:19:30
Â ghost town,2024-11-17,20:49:51
Â hornets,2024-11-17,17:44:56
Â horntes,2024-11-17,17:44:53
Â steelers,2024-11-17,15:14:18
Â steelers,2024-11-17,13:42:28
Â imagien dragons league,2024-11-16,19:59:41
Â legends never die,2024-11-16,19:56:41
Â rise,2024-11-16,19:56:12
Â gods,2024-11-16,19:48:59
Â heavy is the crown,2024-11-16,19:48:54
Â ghost town,2024-11-14,16:32:01
Â dax flame superman,2024-11-13,23:00:11
Â skeletons,2024-11-13,20:37:02
Â warriors,2024-11-13,01:36:20
Â warriors,2024-11-13,01:01:27
Â dr k,2024-11-12,17:17:43
Â doug baldwin deion sanders,2024-11-11,19:25:48
Â doug baldwin hightlights,2024-11-11,19:25:37
Â richard sherman highlights,2024-11-11,19:19:46
Â food theory,2024-11-11,12:43:14
Â lions,2024-11-10,21:28:38
Â 2024 nobel prize of economics,2024-11-10,11:45:55
Â hornets vs pacers,2024-11-09,02:01:47
Â there's a black sheep in the zenin clan,2024-11-07,21:12:31
Â clarity x better off alone,2024-11-07,21:08:57
Â rajon rondo chris paul,2024-11-07,18:36:49
Â rajon rondo chris pail,2024-11-07,18:36:48
Â rajon rondo,2024-11-07,18:36:45
Â v taper,2024-11-06,15:30:36
Â election,2024-11-05,19:12:49
Â drk,2024-11-04,13:48:43
Â chromakopia,2024-11-03,13:19:06
Â fantano weeknd,2024-11-03,13:18:09
Â caedral,2024-11-02,18:10:24
Â prize pick strategy tier list,2024-11-02,18:09:23
Â prize pick strategy,2024-11-02,18:00:53
Â optimal peize picks,2024-11-02,18:00:42
Â worlds,2024-11-02,01:25:28
Â chromakopia,2024-11-01,18:21:47
Â chromakopia,2024-10-31,14:08:15
Â ghost town,2024-10-30,20:30:09
Â circles method pm interview,2024-10-30,16:31:34
Â mavs vs timberwolves,2024-10-29,21:58:42
Â american wedding frank ocean,2024-10-29,14:56:20
Â outdoor boys food montage,2024-10-28,21:36:53
Â outdoor boys,2024-10-28,21:36:31
Â stephen a smith hannity,2024-10-28,14:26:00
Â mans not hot,2024-10-28,14:10:15
Â chunkz,2024-10-28,14:10:04
Â brothers lebron and d wade,2024-10-27,18:36:41
Â kevin durant brothers edit,2024-10-27,18:36:09
Â kevin durant brother edit,2024-10-27,18:36:05
Â 76 vs raptors,2024-10-25,18:42:22
Â timberwolves,2024-10-25,13:02:10
Â sherman richard,2024-10-25,12:30:41
Â apparently there's a black sheep in the zenin clan,2024-10-24,14:02:47
Â saniel ceasad cover,2024-10-24,13:57:27
Â creep daniel caesar lyrics,2024-10-24,13:53:01
Â clarity x better off alone,2024-10-22,20:20:54
Â @â˜†ðŸŽ€: 6åˆ†é​˜æ¸›é›™ä¸‹å·´|æ—¥æœ¬çˆ†ç​«æŒ‰æ‘©æ“​14å¤© å¯¦æ¸¬ä¸‹ä¾†çœŸçš„æœ‰å¾ˆç”¨ï¼​ COcoç†Šè²“åœ¨æ​±äº¬å–²,2024-10-22,18:37:46
Â lifeless yeat,2024-10-19,19:38:08
Â cars are passing so is time,2024-10-16,21:26:27
Â manual extraction closed comendome,2024-10-16,13:27:29
Â reeves deadlift before and after,2024-10-15,20:07:25
Â reeves deadlift for broad shoulders,2024-10-15,20:07:21
Â reeves ddeadlift,2024-10-15,20:07:16
Â small shoulders,2024-10-15,20:06:07
Â looksmaxxing,2024-10-15,19:57:27
Â rounded back,2024-10-15,19:07:51
Â sanchovies,2024-10-15,18:07:18
Â jr smith,2024-10-15,16:34:19
Â freshman cypher,2024-10-14,04:25:34
Â jasontheweenie crying,2024-10-12,07:22:40
Â jasontheweenie d4vd,2024-10-12,07:22:00
Â gua sha,2024-10-07,19:26:54
Â new orleans saints,2024-10-07,18:25:39
Â seahawks vs giants,2024-10-07,14:24:38
Â arcane trailer season 2,2024-10-07,10:05:08
Â cars are passing so is time,2024-10-05,16:19:29
Â worlds league,2024-10-05,09:27:50
Â brothers kanye,2024-10-05,01:45:35
Â damar hamlin,2024-10-04,22:47:28
Â buzz double super,2024-10-04,22:27:59
Â buzz tricks,2024-10-04,22:25:30
Â kanye brothers,2024-10-04,22:18:45
Â worlds league,2024-10-03,08:51:52
Â creep daniel caesar lyrics,2024-10-02,20:03:58
Â shine,2024-10-02,19:52:49
Â dr mike inner chest,2024-10-02,13:29:25
Â dr mike full chest,2024-10-02,13:29:17
Â dabo timeless,2024-10-02,12:24:52
Â zen music,2024-09-28,15:27:19
Â pickleball backhand volley technique,2024-09-27,14:51:48
Â captainsparklez minecraft songs,2024-09-26,22:08:31
Â shine,2024-09-24,17:14:17
Â teemo,2024-09-24,11:31:34
Â daniel caesar creep,2024-09-23,22:46:29
Â better off alone x clarity,2024-09-23,16:28:59
Â christian bale american psycho workout,2024-09-22,22:02:08
Â geno smith,2024-09-22,18:22:33
Â evelyn ha,2024-09-22,00:44:53
Â at home workout calisthenics,2024-09-21,01:18:26
Â sea vs denver,2024-09-19,08:49:08
Â tua tagovailoa cussion,2024-09-18,23:53:06
Â tua tagovailoa,2024-09-18,23:50:25
Â tyreek hill highlights,2024-09-18,23:49:34
Â college football tavon austin,2024-09-18,23:47:58
Â tyler1 eldenring,2024-09-18,23:38:59
Â fantano weeknd,2024-09-18,19:23:07
Â seahawks bs patriots,2024-09-15,23:58:28
Â loltyler1 exposing a boosted,2024-09-13,23:58:16
Â loltyler1,2024-09-13,23:56:44
Â weeknd,2024-09-13,10:17:30
Â kendrick lamar,2024-09-12,23:44:59
Â weeknd,2024-09-12,23:06:07
Â arcane,2024-09-12,12:49:18
Â tyler1 back to league of legends,2024-09-12,08:42:48
Â creep daniel caesar lyrics,2024-09-11,19:06:06
Â ben shapiro,2024-09-11,10:29:28
Â 2013 ngl rankings,2024-09-09,12:46:57
Â nfl rankings 2013,2024-09-09,12:46:25
Â seahawks vs broncos,2024-09-08,15:45:45
Â weeknd carti,2024-09-08,15:37:40
Â nikocado avocado,2024-09-08,12:25:35
Â two steps ahead nikocado,2024-09-07,08:25:55
Â erik the electric cheesecake,2024-09-06,20:55:43
Â erik the electric,2024-09-06,20:55:38
Â mo city travis scott,2024-09-05,16:15:28
Â boxing wraps,2024-09-02,15:49:42
Â daniel caesar creep,2024-09-02,12:01:17
Â spendlc,2024-09-02,00:38:08
Â akon lonely,2024-08-30,20:29:28
Â mo city travis scott,2024-08-30,20:25:51
Â 2000 gaming music,2024-08-30,19:50:20
Â fat rat,2024-08-30,19:45:04
Â fearless lost sky,2024-08-30,19:41:08
Â ncs slowed,2024-08-30,19:34:46
Â brawlstars phonk,2024-08-30,19:28:08
Â outside david laid slowed,2024-08-29,23:48:57
Â alone slowed,2024-08-29,23:42:58
Â mo city travis scott,2024-08-29,14:21:08
Â nostalgia ultra,2024-08-29,08:48:34
Â frank ocean nostalgia ultra,2024-08-29,08:14:00
Â strawberry swing frank ocean,2024-08-29,08:10:15
Â american wedding frank ocean,2024-08-29,07:51:10
Â cant say remix,2024-08-28,20:10:41
Â hawk tuah remix song,2024-08-28,07:22:35
Â hawk tuah,2024-08-28,07:22:32
Â drake,2024-08-27,23:09:53
Â akon lonely,2024-08-27,21:53:11
Â boxing wraps,2024-08-24,09:46:47
Â prayer kendrick lamar,2024-08-23,22:17:15
Â reindeer griff,2024-08-23,01:51:51
Â alone slowed,2024-08-20,15:13:20
Â caedral,2024-08-18,18:25:52
Â haidilao birthday song,2024-08-18,18:09:32
Â paul george edit,2024-08-17,11:43:02
Â paul george,2024-08-17,11:42:39
Â greg doucette mike israetel,2024-08-17,11:14:48
Â kamala harris,2024-08-17,10:57:49
Â caedral,2024-08-16,21:33:35
Â never see me again,2024-08-16,18:14:00
Â never feel alone again,2024-08-16,18:13:04
Â never be alone again,2024-08-16,18:12:56
Â never alone again,2024-08-16,18:12:32
Â insite out 2,2024-08-16,15:34:39
Â alone slowed,2024-08-16,10:35:57
Â alone slowed,2024-08-15,20:46:40
Â weeknd,2024-08-15,17:14:22
Â weeknd,2024-08-15,14:31:03
Â bernie sanders theo von podcast,2024-08-14,18:01:56
Â backroom carti,2024-08-14,15:40:07
Â jarren duran slur,2024-08-12,11:23:53
Â birckenstock boston broke,2024-08-11,17:52:04
Â birckenstock button,2024-08-11,17:51:33
Â sign of the times soes up,2024-08-11,12:02:59
Â raygun olympics,2024-08-10,23:17:56
Â weeknd,2024-08-10,22:53:44
Â men's 5000m s 2024,2024-08-10,13:54:23
Â men's 5000m olympic trials 2024,2024-08-10,13:54:17
Â usa vs serbia,2024-08-09,20:08:37
Â women's 4x100 olympics 2024,2024-08-09,20:01:33
Â us womens table tennis,2024-08-09,19:01:54
Â guaridans of the glaaxy 3,2024-08-09,15:34:25
Â guaridans of the glaaxy 3,2024-08-08,21:14:38
Â never see me again,2024-08-08,14:18:06
Â noah lyles,2024-08-08,12:21:55
Â weeknd,2024-08-08,08:54:18
Â weeknd review,2024-08-07,23:11:53
Â quincy hall 400m,2024-08-07,14:27:04
Â kanye city in the sky,2024-08-07,09:37:45
Â how to use charcoal grill,2024-08-05,17:26:57
Â bye bye bye nsync,2024-08-05,00:04:41
Â caedrel,2024-08-04,23:27:25
Â caedral,2024-08-04,23:27:24
Â noah lyles,2024-08-04,14:20:05
Â vultures 2 shawn cee,2024-08-04,13:44:39
Â vultures 2,2024-08-04,13:44:24
Â david laid,2024-08-03,19:38:05
Â alone slowed,2024-08-03,19:32:19
Â marques pc recall,2024-08-03,12:36:58
Â marques recall,2024-08-03,12:36:48
Â copilot plus pc,2024-08-03,12:36:28
Â judas slowed reverb,2024-08-01,08:39:26
Â alone marshmello slowed and reverb,2024-08-01,07:54:52
Â alone marshmello,2024-08-01,07:54:46
Â dr k ls,2024-07-30,18:59:57
Â dr k,2024-07-30,18:59:55
Â usa tabke tennis amy wang,2024-07-29,20:03:59
Â the batman opening scene,2024-07-28,22:20:18
Â how to fix bad back and neck posture,2024-07-28,12:32:47
Â how to fix bad back and neck posture,2024-07-26,15:18:34
Â ben shapiro kamala karris,2024-07-25,11:39:25
Â ben shapiro,2024-07-25,11:37:25
Â ben shaliro,2024-07-25,11:37:22
Â prepare for jane street internship interview,2024-07-24,20:29:32
Â product and strategy intern jane streeet,2024-07-24,20:24:55
Â hold your heart,2024-07-24,20:09:45
Â jasontheweenie d4vd,2024-07-20,13:50:40
Â jasontheweenie,2024-07-20,13:50:30
Â patrick smith,2024-07-18,20:28:41
Â rhe batman,2024-07-17,21:57:29
Â anima squad,2024-07-17,20:53:57
Â aatrox skin,2024-07-17,18:09:23
Â get better at basketball,2024-07-17,15:13:13
Â dr mike and dr mike,2024-07-16,21:55:01
Â federer highlights,2024-07-15,19:51:30
Â best tennis rage moments,2024-07-15,19:45:56
Â the suicide squad review,2024-07-14,21:46:45
Â biden vice president trump,2024-07-12,14:11:47
Â project 2025,2024-07-12,12:53:11
Â en petite dâ€™en petit,2024-07-10,17:35:02
Â tl vs shawn cee weeknd,2024-07-09,21:08:42
Â tl vs t1,2024-07-06,12:31:49
Â best lcs moments,2024-07-06,12:24:08
Â sanchovies,2024-07-05,20:04:31
Â bill maher seth macfarlane vaccine,2024-07-03,11:57:40
Â bill maher seth macfarlane,2024-07-03,11:57:37
Â bill maher,2024-07-03,11:57:29
Â un bien seattle,2024-07-01,20:40:49
Â pm interview,2024-07-01,14:28:07
Â techlead,2024-07-01,08:02:45
Â mbappe vs argentina edit,2024-06-30,20:56:15
Â mbappe vs argentina,2024-06-30,20:56:12
Â jude bellingham,2024-06-30,20:54:43
Â buzz aldrin punches,2024-06-29,13:33:09
Â buzz aldrin punches guy,2024-06-29,13:32:24
Â tyler 1 expose,2024-06-28,21:54:31
Â yao ming,2024-06-26,19:13:33
Â yao mong,2024-06-26,19:13:29
Â dr disrespect,2024-06-25,17:00:04
Â mbappe world cup final,2024-06-24,22:05:31
Â mbappe,2024-06-24,22:05:23
Â mo bamba,2024-06-23,22:51:05
Â ludwig 1000 3s,2024-06-23,22:07:08
Â netherim,2024-06-22,17:41:03
Â not like us,2024-06-22,16:25:54
Â backroom carti,2024-06-22,16:12:48
Â backrooms,2024-06-22,16:12:42
Â carti leaks,2024-06-22,16:11:51
Â accutane,2024-06-12,22:39:44
Â edge brownie pan for edge lovers,2024-06-07,18:45:15
Â edge brownies,2024-06-07,18:45:00
Â dantes yvonne,2024-06-07,16:14:13
Â office,2024-06-06,20:58:45
Â mkbhd surface,2024-06-06,20:30:13
Â batman car scene,2024-06-05,23:00:28
Â batman returns catwoman,2024-06-05,23:00:20
Â batman penguin scene,2024-06-05,23:00:06
Â mike tyson 16 years old,2024-06-03,19:25:52
Â mike tyson vs jake paul,2024-06-03,19:25:40
Â ben shapiro,2024-06-01,12:47:21
Â drake kendrick just opened his mouth,2024-05-31,22:25:29
Â humzh,2024-05-31,18:56:20
Â jendrick just opened his miuth,2024-05-31,13:06:59
Â anthony carmeli,2024-05-26,21:59:50
Â linsanity,2024-05-26,21:44:53
Â royel otis linger,2024-05-26,14:14:26
Â lebron cavs,2024-05-24,21:50:42
Â kai cenat kevin hart,2024-05-24,16:53:24
Â drake bbl drizzy,2024-05-24,12:54:47
Â drake bbl drizzy,2024-05-24,10:59:39
Â dr mike boxing chris avila,2024-05-23,21:04:30
Â dr mike boxing,2024-05-23,20:48:47
Â dr k boxing,2024-05-23,20:48:38
Â iwilldominate,2024-05-22,16:29:43
Â pbd vivek,2024-05-21,17:34:14
Â bill burr bill maher,2024-05-19,20:59:51
Â bill burr vs bill maher,2024-05-19,16:20:27
Â jane street strategy and prodcut intierview,2024-05-17,19:21:04
Â kairos time,2024-05-16,22:36:11
Â lean bulk jeff nippard,2024-05-16,21:07:38
Â lean bulk,2024-05-16,21:07:33
Â fat vs thin,2024-05-15,15:25:46
Â barstool pizza highest review,2024-05-15,12:25:59
Â harrison butker speech,2024-05-14,11:32:49
Â strike paladin lucian,2024-05-13,20:29:20
Â houdini travis scott,2024-05-13,10:46:47
Â linger,2024-05-11,22:13:51
Â royel otis linger,2024-05-10,14:15:44
Â cast iron rust removal,2024-05-10,13:46:20
Â cast iron maintenance,2024-05-10,13:34:57
Â specky kha top,2024-05-09,21:04:31
Â ian unreleased,2024-05-09,20:07:57
Â one take ian,2024-05-09,19:44:40
Â marques porsche taycan,2024-05-08,13:38:52
Â mark zuckerberg eduardo saverin,2024-05-08,12:32:47
Â vladimir elite500,2024-05-06,19:17:11
Â vladimir,2024-05-06,19:17:04
Â khazix mid,2024-05-06,19:14:10
Â bbl drizzy,2024-05-06,19:13:13
Â shawn cee,2024-05-06,14:45:05
Â khazix top,2024-05-06,14:18:26
Â tom brady roast,2024-05-06,08:33:20
Â drake the heart,2024-05-05,18:23:54
Â drake,2024-05-05,18:23:43
Â caedral,2024-05-04,23:59:48
Â caedral drama,2024-05-04,23:59:44
Â meet the grahams,2024-05-04,16:53:00
Â not like us,2024-05-04,16:49:37
Â kendrick lamar,2024-05-04,16:36:32
Â shawn cre,2024-05-04,12:01:35
Â shawn cre,2024-05-04,10:18:29
Â family matters,2024-05-03,21:47:52
Â family mayyers,2024-05-03,21:47:51
Â 6 16 in la,2024-05-03,21:46:28
Â family business drKe,2024-05-03,21:38:06
Â family business kanye west,2024-05-03,21:38:02
Â 616 kendr i ck,2024-05-03,19:39:17
Â 616 kendr I ck,2024-05-03,10:23:35
Â kendrick lamar,2024-05-03,08:46:11
Â you should know yeat slowed,2024-05-02,17:50:54
Â if we being real yeat slowed,2024-05-02,17:50:30
Â pushups drake,2024-05-02,06:28:31
Â kendrick lamar,2024-05-02,06:28:23
Â playboi carti,2024-05-02,06:28:17
Â menage playboi carti lil uzi vert,2024-05-01,08:24:25
Â playboi carti,2024-05-01,08:22:58
Â shawn cee,2024-04-30,20:31:56
Â euphoria,2024-04-30,18:34:33
Â kendrick lamar,2024-04-30,11:44:37
Â kendrick lamar,2024-04-30,08:15:38
Â euphoria kendrick lamar song,2024-04-30,08:15:08
Â euphoria,2024-04-30,08:14:55
Â caedral drama,2024-04-29,18:02:26
Â doublelift,2024-04-29,12:06:00
Â casey jew,2024-04-29,10:05:00
Â ice cofee hour,2024-04-28,16:20:46
Â yusuf va cuffem,2024-04-28,12:42:50
Â carti adlibs,2024-04-26,22:51:51
Â backrooms,2024-04-26,22:49:50
Â 2024 playboi carti,2024-04-26,22:49:29
Â hasan piers,2024-04-25,06:46:51
Â marques brownlee iphone case,2024-04-23,19:40:19
Â marques lucid,2024-04-22,09:27:56
Â shane cee best weeknd,2024-04-21,10:46:13
Â kanye west,2024-04-20,23:49:00
Â dropped out playboi carti,2024-04-20,11:35:59
Â arcane trailer season 2,2024-04-19,20:52:26
Â hasan piker,2024-04-19,09:24:44
Â mac miller tiny desk,2024-04-18,11:00:59
Â i'm riding round town with a ratchet,2024-04-17,21:32:44
Â backrooms,2024-04-17,21:28:29
Â backrooms,2024-04-17,09:15:10
Â carti evil jordan,2024-04-17,08:18:57
Â ketamine carti,2024-04-17,08:16:54
Â 24 songs playboi carti,2024-04-16,20:56:58
Â we still don't trust you,2024-04-16,15:58:29
Â give it up don toliver remix,2024-04-15,16:17:46
Â lunchroom lil uzi,2024-04-15,16:15:22
Â why doesnt yeat say,2024-04-14,22:50:59
Â steven crowdwr waterboard,2024-04-14,18:50:48
Â we still don't trust you,2024-04-14,11:40:36
Â ketamine playboi carti,2024-04-14,11:37:44
Â ketamine,2024-04-14,11:37:39
Â ur the moon,2024-04-14,11:35:17
Â 2024,2024-04-13,21:54:44
Â why doesnt yeat say,2024-04-13,21:50:21
Â to the moon,2024-04-13,15:56:43
Â ceeman sus comp,2024-04-13,15:28:49
Â drake diss,2024-04-13,15:09:59
Â drake disa,2024-04-13,15:09:57
Â we still don't trust you,2024-04-13,07:39:49
Â we still don't trust you,2024-04-12,22:17:00
Â shawn cee future,2024-04-12,22:16:37
Â shawn cre fututre,2024-04-12,22:16:31
Â legion of boom,2024-04-12,22:09:19
Â rob gronkowski vs legion of boom,2024-04-12,22:09:16
Â legion of boom highlights,2024-04-12,22:08:32
Â tavon austin highlights,2024-04-12,22:07:09
Â playboi carti to the moon,2024-04-12,08:06:25
Â shawn cee playboi carti,2024-04-12,07:58:27
Â dr k ls,2024-04-11,10:37:48
Â obj one handed catch,2024-04-10,20:01:08
Â when you try me with a sorry receiver,2024-04-10,20:00:19
Â legion of boom,2024-04-10,19:57:05
Â jacobs ladder yeo,2024-04-10,15:32:32
Â is shawn cee gay,2024-04-10,08:31:28
Â 2024,2024-04-09,16:26:54
Â fein reaction,2024-04-09,16:23:24
Â type shi,2024-04-09,07:47:34
Â backrooms,2024-04-09,07:46:24
Â playboi carti,2024-04-08,17:13:02
Â can yeat say the n word,2024-04-08,16:37:23
Â hoodbyaor,2024-04-07,11:28:32
Â heavy playboi carti,2024-04-07,11:23:51
Â shawn cre frank ocean,2024-04-07,06:27:16
Â purdue vs nc state,2024-04-06,21:00:13
Â prepare for consulting interview,2024-04-06,12:33:24
Â uconn vs iowa,2024-04-05,22:51:30
Â wiseman frank ocean,2024-04-05,07:53:41
Â tempory julian remix,2024-04-05,07:08:43
Â reacting to blonde,2024-04-04,14:40:24
Â died once,2024-04-03,21:11:41
Â died once jjk,2024-04-03,21:11:27
Â hoodbyair,2024-04-03,17:18:29
Â american wedding,2024-04-03,06:49:15
Â died once,2024-04-02,21:26:06
Â wiseman,2024-04-02,09:16:02
Â american wedding,2024-04-02,09:07:08
Â caitlin clark,2024-04-01,21:43:20
Â fortune tft,2024-04-01,10:56:04
Â yeat x dxnny phxntom,2024-03-31,17:12:52
Â prodbysky,2024-03-31,17:12:36
Â umbral tft,2024-03-31,14:19:28
Â american wedding frank ocean,2024-03-29,22:15:35
Â tft new set build,2024-03-29,21:40:17
Â tft new set,2024-03-29,21:36:57
Â frank ocean,2024-03-29,13:14:14
Â nostalgia ultra full album,2024-03-29,10:30:43
Â blonde,2024-03-29,10:25:10
Â american wedding frank ocean,2024-03-29,04:23:25
Â shawn cee blonde,2024-03-28,12:36:35
Â american wedding frank ocean,2024-03-28,10:34:46
Â nostalgia ultra,2024-03-28,09:57:10
Â im so far gone,2024-03-27,16:27:56
Â nostalgia ultra,2024-03-27,16:27:09
Â playboi carti,2024-03-27,15:49:10
Â shawn cee future,2024-03-26,14:42:07
Â chill,2024-03-26,14:12:45
Â ls dr k,2024-03-24,20:49:48
Â like that,2024-03-24,11:15:03
Â metro boomin future kendrick,2024-03-24,11:14:54
Â california colleges,2024-03-22,20:58:35
Â nani bralw stars,2024-03-21,13:01:00
Â social anxiety healthy gamer,2024-03-19,14:46:18
Â social anxiety healthy gamer,2024-03-18,13:14:01
Â social anxiety,2024-03-18,13:13:57
Â dave and central cee freestyle,2024-03-16,16:35:00
Â khazix,2024-03-06,08:22:54
Â high noon yone,2024-03-05,13:39:12
Â porcelain asol,2024-03-04,13:25:31
Â dune full story,2024-03-04,09:59:27
Â dune full story,2024-03-04,07:13:11
Â you made a mistake,2024-03-02,18:48:20
Â i made a mistake,2024-03-02,18:47:56
Â dad acaedmy,2024-03-02,18:47:34
Â dune soundtrack,2024-03-02,12:50:57
Â best extender 4.0 is here,2024-03-02,01:14:19
Â looksmaxxing moist,2024-03-02,01:11:53
Â dr k ls,2024-03-01,21:44:09
Â dr k reckful controversy,2024-03-01,21:42:17
Â dr k reckful,2024-03-01,21:37:32
Â fantano fred again,2024-02-28,16:34:14
Â vhampion madtery titles,2024-02-27,19:45:34
Â dear bruce,2024-02-27,18:51:31
Â audio for audio,2024-02-27,18:51:08
Â audio for aduio,2024-02-27,18:51:06
Â brawl talk,2024-02-24,08:06:31
Â plug and play pitches,2024-02-23,11:58:52
Â project skins,2024-02-21,16:37:06
Â projecy slins,2024-02-21,16:37:04
Â best legend of slime build,2024-02-19,23:43:24
Â dr dray accutane,2024-02-19,23:10:03
Â warren buffett investment strategy,2024-02-18,23:43:42
Â best brawlers in brawl stars,2024-02-18,20:03:17
Â utopia shawn cee,2024-02-18,09:32:04
Â shawn cee,2024-02-17,17:32:12
Â draymond green punches jordan poole,2024-02-17,13:02:26
Â draymond green compilation,2024-02-17,12:53:31
Â draymond green punching use of norwich,2024-02-17,12:51:55
Â draymond green,2024-02-17,12:51:32
Â backrooms,2024-02-16,17:07:20
Â accutane month by nonth,2024-02-16,11:32:57
Â accutane,2024-02-16,11:32:48
Â seahawks vs patriots,2024-02-15,23:22:46
Â richard sherman,2024-02-15,22:51:01
Â russell wilson,2024-02-15,22:50:41
Â tyler1 rage addicted,2024-02-15,19:37:51
Â tyler1 rage,2024-02-15,19:37:39
Â marshawn lynch,2024-02-15,17:06:12
Â original fuck sumn,2024-02-15,16:30:49
Â hood by air,2024-02-15,12:41:58
Â investing for beginners,2024-02-15,12:23:31
Â patriots vs falcons super bowl,2024-02-15,08:02:33
Â legion of boom,2024-02-14,23:43:09
Â backrooms playboi carti,2024-02-13,08:28:25
Â riven reroll,2024-02-11,10:36:31
Â el salvador prison,2024-02-09,16:03:09
Â el salvador,2024-02-09,16:03:04
Â riven reroll,2024-02-09,12:22:33
Â suki,2024-02-08,18:24:00
Â sheck wes fein unreleased,2024-02-07,08:17:50
Â travis scott grammy loss,2024-02-05,08:48:07
Â travis scott grammy,2024-02-05,08:47:46
Â fein sheck wes,2024-02-04,12:04:05
Â lcs,2024-02-03,19:40:32
Â i was searching on the internet original,2024-02-03,16:43:35
Â accutane journey,2024-02-02,22:28:21
Â c9 vs imt,2024-02-02,14:18:18
Â ben shapiro facts,2024-01-31,00:44:21
Â ben shapiro,2024-01-31,00:44:11
Â lcs,2024-01-28,13:18:15
Â lvs,2024-01-28,13:18:11
Â lcs,2024-01-28,11:57:46
Â gen g vs dk,2024-01-27,07:48:12
Â yeat x dxnny phxntom,2024-01-26,08:18:02
Â lpl,2024-01-26,00:00:37
Â lck,2024-01-26,00:00:06
Â lcm,2024-01-26,00:00:04
Â the dive,2024-01-25,22:16:17
Â the duve,2024-01-25,22:16:15
Â geng vs bro,2024-01-24,22:14:18
Â accutane journey,2024-01-24,12:05:09
Â accutane journey,2024-01-21,22:51:49
Â lcs,2024-01-21,12:34:51
Â lcs day 1,2024-01-20,21:23:50
Â car scratch repair,2024-01-18,22:06:18
Â job acceptance libkedin post,2024-01-18,19:41:51
Â american dream shawn cee,2024-01-17,15:02:22
Â american dream,2024-01-17,15:02:08
Â can you hear the music,2024-01-16,12:47:39
Â rvery tyler 1 outbreak,2024-01-16,09:26:02
Â tyler1 rage,2024-01-16,09:25:29
Â ap gp mid,2024-01-15,19:33:47
Â still hete,2024-01-10,22:27:30
Â goodbye youtube,2024-01-09,23:50:08
Â oneshot tf,2024-01-08,20:04:03
Â debunking john harrid,2024-01-06,21:28:26
Â debunking john dehlin,2024-01-06,21:28:17
Â free soloing,2024-01-06,19:09:21
Â drk destress,2024-01-06,18:34:38
Â srk destrezss,2024-01-06,18:34:31
Â system design pm interview,2024-01-06,17:21:57
Â accutane 1 year later,2024-01-05,22:08:13
Â arcane,2024-01-05,15:21:34
Â accutane journey,2024-01-04,18:14:12
Â accutane,2024-01-04,18:14:08
Â favorite product interview question,2024-01-04,11:02:03
Â tyler1 returns to league,2024-01-03,22:07:44
Â favorite product interview question,2024-01-03,19:22:21
Â tyler1couch,2024-01-03,13:29:32
Â tyler1,2024-01-03,03:12:55
Â brawl stars brawl pass,2024-01-02,11:38:06
Â tyler1,2023-12-31,20:06:31
Â product manager intern interview,2023-12-31,12:24:12
Â dr k life,2023-12-30,20:46:52
Â dr k depression,2023-12-30,19:59:00
Â dr k tired with life,2023-12-30,19:58:35
Â airbnb product manager interview exponent,2023-12-29,21:57:04
Â product root cause analysis exponent,2023-12-29,21:45:07
Â product root cause analysis,2023-12-29,21:44:53
Â isotretinoin,2023-12-29,19:00:14
Â ACCUTANE,2023-12-29,18:59:55
Â product design question interview microsoft,2023-12-29,14:20:36
Â product design interview microsoft,2023-12-29,14:20:30
Â product design intervie wmicrosoft,2023-12-29,14:20:23
Â micrsooft answering behavioral interview questions,2023-12-29,13:45:42
Â what technical skills does a product managerintern need,2023-12-24,15:59:16
Â what technical skills does a PM intern need,2023-12-24,15:59:10
Â computer system architecture,2023-12-22,15:41:50
Â what is computing,2023-12-22,15:39:00
Â how does cloud computing wrok,2023-12-22,15:35:01
Â how does the internet work,2023-12-22,15:30:49
Â api how they work,2023-12-22,14:33:23
Â product design interview question,2023-12-22,10:21:59
Â product design,2023-12-22,10:21:51
Â shyvana top,2023-12-22,07:42:09
Â outer wilds,2023-12-21,19:59:27
Â why microsoft interview questions,2023-12-20,13:23:07
Â god of war,2023-12-20,09:38:50
Â front end back end explained,2023-12-19,18:28:32
Â why microsoft interview questions,2023-12-19,11:49:56
Â tell me about yourself interview,2023-12-19,11:49:40
Â sandiction,2023-12-18,23:44:43
Â yeat x dxnny phxntom,2023-12-13,11:50:54
Â college doesn't look like it's fun anymore,2023-12-12,09:24:55
Â clash mini,2023-12-12,08:39:02
Â the outdoor boys,2023-12-11,20:23:26
Â all you wanna see is diamonds yeat,2023-12-10,19:18:17
Â clash mini,2023-12-07,23:11:54
Â clash mini,2023-12-07,16:38:28
Â clash mini,2023-12-07,02:27:43
Â clash mini,2023-12-06,09:35:38
Â find standard error of the slope,2023-12-03,14:34:05
Â find the confidence interval of a slope coefficient,2023-12-03,14:30:45
Â find the confidence interval of a slode estimate,2023-12-03,14:30:35
Â the critical drinker,2023-12-02,21:03:26
Â the critical drinkier,2023-12-02,21:03:19
Â scarce pronunciation,2023-12-01,19:15:56
Â things 3,2023-11-26,10:30:40
Â hunger games,2023-11-25,18:43:32
Â series shortcuts,2023-11-25,18:41:13
Â hungergames review,2023-11-25,17:09:11
Â hungergames,2023-11-25,17:00:57
Â best snipers in cod mobile,2023-11-22,23:31:38
Â joe and pats,2023-11-22,22:29:03
Â rumble,2023-11-22,21:39:14
Â campfire bread,2023-11-22,21:32:39
Â one bite highest review,2023-11-21,16:47:23
Â one bitw,2023-11-21,16:42:55
Â one bite montes,2023-11-19,17:58:22
Â clash mini,2023-11-19,16:22:43
Â one bite washington,2023-11-19,10:06:25
Â cloud 9 major 2018,2023-11-19,01:29:19
Â capital flowers casting,2023-11-19,01:28:24
Â faker what was that,2023-11-18,23:12:54
Â spiderman across the spiderverse trailer,2023-11-18,19:04:27
Â stop sword with hands,2023-11-18,13:59:22
Â dave portnoy fights owner,2023-11-16,22:55:47
Â fullmetal alchemist,2023-11-15,23:52:16
Â mean and variance of transformted variables,2023-11-15,23:34:03
Â linear transformation statistics,2023-11-15,23:33:32
Â size and power of hypothesis test,2023-11-15,21:52:27
"Â given a critical value, find power of test",2023-11-15,21:50:26
Â normal distribution and hypothesis testing,2023-11-15,21:47:47
Â normal distribution,2023-11-15,21:47:43
Â how to find the p value in hypothesis testing,2023-11-14,22:00:00
Â what is an estimator,2023-11-14,19:22:39
Â how to find the p value in hypothesis testing,2023-11-14,17:13:48
Â p-value hypothesis testing,2023-11-14,17:13:11
Â p-value hypothesis testing,2023-11-14,16:36:47
Â probability combination and permuation,2023-11-14,16:23:15
Â hypergeometric distribution,2023-11-14,16:21:18
Â difference in means,2023-11-14,16:08:00
Â binoniaml distribution,2023-11-14,10:51:24
Â gods,2023-11-14,09:27:26
Â goes,2023-11-14,09:27:23
Â full metal alchemist,2023-11-13,23:39:46
Â construct a probability distribution,2023-11-13,22:32:10
Â covariance and correlation of two random variables,2023-11-13,22:12:34
Â probability distribution expected value and variance,2023-11-13,22:07:16
Â probability distribution,2023-11-13,22:05:21
Â mustang vs lust,2023-11-13,21:35:17
Â wrath vs scar,2023-11-13,21:27:49
Â wrath vs gluttony,2023-11-13,21:27:40
Â wrath fullmetal alchemist,2023-11-13,21:16:47
Â zherka vs hs,2023-11-13,20:36:38
Â dr k burnout,2023-11-13,10:30:56
Â dr k always tired,2023-11-12,23:41:17
Â dr k always tired,2023-11-12,20:37:41
Â jeff su resume,2023-11-11,21:07:11
Â caedrel,2023-11-11,18:19:00
Â pantheon,2023-11-10,22:59:25
Â metro boomin make it boom a boogie,2023-11-04,20:09:27
Â london system,2023-11-02,16:46:40
Â london system,2023-11-01,10:52:09
Â black opening chess,2023-10-31,22:01:09
Â creed 3 final fight,2023-10-31,21:40:17
Â nacho libre where are your robes,2023-10-31,09:36:24
Â nacho libre,2023-10-31,09:36:14
Â g2,2023-10-30,11:55:22
Â after hours concert version,2023-10-29,21:43:58
Â g2 vs nrg,2023-10-29,15:44:12
Â hello omfg,2023-10-26,11:35:47
Â everybody k-931,2023-10-26,11:35:22
Â edm,2023-10-26,11:35:04
Â caro kann,2023-10-26,10:39:13
Â paranoia heartsteel,2023-10-26,10:14:20
Â tyler1,2023-10-25,17:05:46
Â run joji running,2023-10-25,13:29:22
Â kings indian,2023-10-25,09:11:58
Â kings island,2023-10-25,09:11:54
Â queen's gambit,2023-10-25,08:54:57
Â 90210,2023-10-24,14:29:13
Â heartsteel,2023-10-23,20:58:53
Â wham kanye,2023-10-23,13:33:45
Â queen's gambit,2023-10-23,12:23:04
Â mad vs,2023-10-22,18:08:46
Â meatcanyon sam sulek,2023-10-22,15:00:12
Â satisfaction techno,2023-10-22,13:42:15
Â satisfaction,2023-10-22,13:42:08
Â worlds,2023-10-19,00:36:51
Â worlfs,2023-10-19,00:36:49
Â chess openings,2023-10-18,13:24:19
Â JAX SKINS,2023-10-16,20:34:16
Â clash mini,2023-10-16,19:26:34
Â logan paul dillon danis,2023-10-15,13:46:56
Â sskt jax,2023-10-14,23:51:48
Â skeletons mike dean,2023-10-14,13:14:50
Â israeli palestinian conflict,2023-10-13,21:21:43
Â key and peele double agent,2023-10-12,20:48:07
Â unknown p,2023-10-12,20:39:27
Â horses,2023-10-12,16:00:54
Â worlds,2023-10-12,11:40:06
Â skibidi toilet,2023-10-08,14:23:12
Â gods,2023-10-04,19:33:15
Â chopin nocturne op. 9 no. 2,2023-10-03,22:24:37
Â 90210,2023-10-03,19:22:34
Â telekinesis,2023-10-03,19:17:03
Â mbappe,2023-10-01,09:26:39
Â mbappe world cup final,2023-09-30,17:29:20
Â mbappe,2023-09-30,17:29:12
Â ipickmybut,2023-09-30,12:23:42
Â napoleon trailer,2023-09-22,22:04:23
Â souls best heroes,2023-09-22,09:25:25
Â napoleon trailer,2023-09-21,12:03:54
Â danny tristana,2023-09-19,20:40:33
Â least squares regression line,2023-09-19,17:50:26
Â nerd vs geek,2023-09-19,15:36:34
Â okay let's go,2023-09-19,15:10:30
Â souls best heroes,2023-09-18,18:41:08
Â souls best heroes,2023-09-18,12:14:07
Â all i ask bruno mars,2023-09-17,14:10:50
Â all i ask bruno mars,2023-09-16,22:44:58
Â all season,2023-09-16,22:44:53
Â darth maul hallway,2023-09-16,13:09:55
Â darth maul,2023-09-16,13:09:50
Â clash mini,2023-09-16,10:28:08
Â pencilcase studios,2023-09-16,00:42:16
Â fein sheck wes,2023-09-15,13:47:30
Â david laid,2023-09-13,00:17:48
Â david laid physique,2023-09-12,20:36:29
Â david laid motivation,2023-09-12,20:36:07
Â david laid,2023-09-12,20:35:49
Â david laid song,2023-09-12,20:35:44
Â shaving pubes tutorial man kevin leonardo,2023-09-12,15:31:43
Â shaving pubes tutorial man,2023-09-12,15:31:08
Â shaving pubes tutorial,2023-09-12,15:31:02
Â all i ask bruno mars,2023-09-11,19:26:59
Â diarus vs zed,2023-09-08,13:16:52
Â calculating standard deviation,2023-09-07,14:29:25
Â calculating standard deciation,2023-09-07,14:29:22
Â skibidi toilet full playlist,2023-09-05,23:01:21
Â skibidi toilet,2023-09-05,23:01:13
Â skibidi toilet full episodes,2023-09-05,22:55:26
Â mike dean skeletons,2023-09-05,22:55:10
Â fein sheck wes,2023-09-05,19:56:55
Â fein sheck wes,2023-08-29,19:03:52
Â trimming pube and testis visual guide,2023-08-29,14:01:06
Â snooze,2023-08-27,15:01:41
Â telekinesis,2023-08-21,21:38:34
Â clash mini,2023-08-21,21:20:30
Â fein sheck wes,2023-08-20,16:35:28
Â telekinesis,2023-08-19,06:04:51
Â mike dean skeletons,2023-08-18,23:35:18
Â fulcrum shittington,2023-08-18,22:43:32
Â lethality olaf,2023-08-18,21:19:18
Â warwick support,2023-08-18,13:29:30
Â ww sup,2023-08-18,13:29:26
Â telekinesis,2023-08-15,20:18:30
Â fein sheck wes,2023-08-15,17:51:47
Â telekinesis,2023-08-14,20:44:33
Â fein sheck wes,2023-08-14,20:15:26
Â rumble,2023-08-14,15:06:14
Â telekinesis,2023-08-14,12:29:45
Â rumble,2023-08-13,23:25:59
Â spirit blossom syndra,2023-08-13,20:40:55
Â utopia mike dean version,2023-08-12,18:48:35
Â dantes,2023-08-12,11:54:41
Â bryce hall bare knuckle,2023-08-11,20:57:25
Â fein sheck wes,2023-08-11,20:23:38
Â don toliver heaven or hell,2023-08-11,14:27:33
Â don toliver,2023-08-11,14:27:19
Â don tokiver,2023-08-11,14:27:16
Â mc hammersmith,2023-08-10,20:10:08
Â a sol,2023-08-10,10:35:28
Â a sol top,2023-08-09,23:00:07
Â fein sheck wes,2023-08-09,20:19:44
Â south park full episodes,2023-08-09,20:19:41
Â south park full episodes,2023-08-09,17:21:20
Â south park funniest episodes,2023-08-09,17:21:13
Â clash mini,2023-08-09,16:53:44
Â clash mini decks,2023-08-09,16:49:32
Â clash mini cecks,2023-08-09,16:49:31
Â fein travis scott,2023-08-09,13:39:08
Â clash mini,2023-08-09,11:50:19
Â #challenger,2023-08-08,22:03:45
Â oversimplfied,2023-08-08,15:08:08
Â randy cooking south park,2023-08-08,11:04:36
Â fein sheck wes,2023-08-08,10:37:44
Â alabama riverboat brawl,2023-08-08,07:42:08
Â tyler1 top,2023-08-07,21:50:00
Â island boy,2023-08-07,18:19:45
Â bose mc700,2023-08-07,16:26:09
Â massage music,2023-08-07,13:09:35
Â toji fushiguro,2023-08-07,11:12:52
Â tts pool service,2023-08-06,14:19:34
Â tyler 1 baking stream,2023-08-06,09:15:00
Â fein sheck wes,2023-08-05,19:57:14
Â fein sheck wes,2023-08-05,17:29:58
Â suspect and kelpy fight,2023-08-04,17:45:27
Â cassiopeia,2023-08-04,12:51:57
Â breaking bad,2023-08-02,21:56:07
Â elden ring speedrun,2023-08-02,17:52:37
Â skibidi toilet,2023-07-31,16:15:53
Â everything everywhere all at once cosmonaut,2023-07-31,10:04:37
Â everything everywhere all at once,2023-07-31,09:59:33
Â everything everywhere all at once trailer,2023-07-31,09:59:29
Â pragerukids,2023-07-31,08:57:05
Â tyler 1 more plate more dates,2023-07-30,09:39:06
Â sailed from ebgland to france,2023-07-30,09:14:26
Â shyvana top,2023-07-30,09:07:56
Â utopia,2023-07-29,19:17:01
Â shyvana top,2023-07-29,13:58:22
Â utopia,2023-07-29,10:31:07
Â oppenheimer moist meter,2023-07-27,21:54:08
Â oppenheimer,2023-07-27,21:49:03
Â tyler 1 6 5,2023-07-27,13:54:18
Â tyler1 reacts to dr disrespect,2023-07-27,13:51:03
Â tyler1 reacts to league cinematic,2023-07-27,13:50:59
Â shyvana jg,2023-07-25,22:04:19
Â branking bad ep rabked,2023-07-21,10:01:21
Â cpg grey traffic,2023-07-19,18:57:37
Â cpg grey,2023-07-19,18:57:31
Â blade build honkai star rail,2023-07-18,21:36:12
Â blade build honkai star rail,2023-07-18,19:01:32
Â dr k confidence,2023-07-16,20:20:04
Â solarbacca,2023-07-15,23:09:38
Â agent venom,2023-07-14,20:30:49
Â steven crowder dresses like a women,2023-07-13,17:54:12
Â steven crowder trans women,2023-07-13,17:53:50
Â steven crowder,2023-07-13,16:45:04
Â master yi,2023-07-12,19:07:01
Â tyler1,2023-07-12,08:19:30
Â t1 erobb,2023-07-12,08:19:14
Â ego,2023-07-11,08:48:15
Â ego is the enemy,2023-07-11,08:39:44
Â midbeast,2023-07-09,08:43:59
Â çŸ³å¤´,2023-07-08,20:43:12
Â å°​çŸ³å¤´,2023-07-08,20:42:52
Â lighting shots from my fingertips,2023-07-08,18:21:14
Â butt wink,2023-07-07,19:47:11
Â a sol,2023-07-07,12:48:20
Â caedral theshy,2023-07-06,06:58:02
Â drututt,2023-07-05,12:48:42
Â ksante guide,2023-07-04,20:14:54
Â red vs brown switches,2023-07-04,15:26:43
Â bread and fred walkthrough with keys,2023-07-04,14:55:00
Â bread and fred guide,2023-07-04,14:54:18
Â bread and fred,2023-07-04,14:54:02
Â dr k donael,2023-07-04,10:48:17
Â mechanical keyboard change switch,2023-07-03,22:11:46
Â aquaman',2023-07-03,11:50:12
Â one villainous scene,2023-07-03,00:22:23
Â one marvelous scene,2023-07-03,00:22:13
Â spearshot,2023-07-02,15:26:20
Â ksante,2023-07-02,11:21:07
Â one villainous scene,2023-07-02,08:34:07
Â vinland saga,2023-07-02,00:16:44
Â #challenger,2023-07-01,23:13:53
Â bread and fred guide,2023-07-01,21:49:30
Â bread and fred walkthrough with keys,2023-07-01,21:49:13
Â bread and fred walkthrough,2023-07-01,21:18:00
Â into the spiderverse trailer,2023-07-01,12:56:17
Â miranda sings,2023-06-29,15:14:18
Â hi.,2023-06-29,12:02:29
Â emma vigeland,2023-06-29,10:39:49
Â into the spider verse review,2023-06-26,21:02:26
Â zendaya new movie trailer,2023-06-25,23:02:11
Â spark in you spider verse,2023-06-23,10:19:19
Â spiderverse jeff scene,2023-06-23,10:19:03
Â spiderman 2099,2023-06-22,22:19:15
Â oscar isaac spider man 2099,2023-06-22,19:14:58
Â plane crash movie scene,2023-06-22,15:15:58
Â miguel o'hara entrance,2023-06-22,13:20:23
Â miguel o'hara,2023-06-22,13:20:17
Â spiderman 2099,2023-06-22,12:30:25
Â lcs,2023-06-22,08:50:10
Â welcome to neuva york,2023-06-21,21:07:15
Â moist metere,2023-06-21,20:31:54
Â #acrossthespiderverse,2023-06-21,18:49:57
Â naafirir,2023-06-21,17:26:58
Â delete across the spider verse end credit scene,2023-06-21,15:54:42
Â deletee across the spiderverse end credit scene,2023-06-21,15:54:40
Â nafiri,2023-06-21,10:10:39
Â across the spider verse,2023-06-20,17:15:52
Â lcs,2023-06-20,08:21:46
Â lcs week 1,2023-06-20,07:34:57
Â webflow cms,2023-06-19,12:22:08
Â carousel slider webflow,2023-06-19,12:13:32
Â daily stretch,2023-06-16,13:48:15
Â elderwood,2023-06-13,19:53:47
Â elderweood,2023-06-13,19:53:37
Â lcs 2023 summer,2023-06-13,14:56:52
Â lcs 2023 sunmer,2023-06-13,14:56:49
Â bullet train review,2023-06-12,23:46:31
Â the suicide squad,2023-06-12,23:41:04
Â smart watches yes or no,2023-06-12,20:17:26
Â smart watches,2023-06-12,20:17:18
Â apple watch se,2023-06-12,20:17:00
Â apple watch,2023-06-12,20:07:13
Â himeko build,2023-06-12,13:59:05
Â prius 2023 review,2023-06-12,11:34:15
Â skin care,2023-06-12,09:49:19
Â low calorie snacks,2023-06-11,23:27:03
Â wanhee,2023-06-11,17:22:26
Â eat 10000 calories,2023-06-11,17:21:30
Â synpase,2023-06-10,11:51:02
Â mobility and flexibility workout,2023-06-10,00:18:31
Â aphelios,2023-06-09,21:44:48
Â iwd,2023-06-09,16:47:07
Â mobility and flexibility workout,2023-06-08,20:43:48
Â aphelios,2023-06-08,20:32:23
Â himeko honkai star rail,2023-06-07,06:55:08
Â 2018 worlds,2023-06-07,01:16:59
Â 2018 wordls,2023-06-07,01:16:02
Â jennie the idol,2023-06-06,18:49:57
Â he needs a personality transplant,2023-06-06,00:49:04
Â ran desanctimonious,2023-06-06,00:47:37
Â ran desancemonius,2023-06-06,00:47:27
Â shampoo prank,2023-06-03,19:28:43
Â honkai star rail xp,2023-06-01,18:24:08
Â naruto drops weights,2023-06-01,17:25:28
Â target song,2023-06-01,16:43:42
Â andrew tate bbc,2023-06-01,16:33:41
Â serval build,2023-05-31,15:04:12
Â cutting,2023-05-31,04:54:20
Â neck posture correction,2023-05-31,04:53:34
Â dan heng build,2023-05-30,07:45:05
Â welt guide,2023-05-30,07:35:18
Â alpha vs beta jubilee,2023-05-30,02:27:02
Â welt guide,2023-05-28,19:09:52
Â boombayah,2023-05-28,16:35:48
Â ben shapiro wap,2023-05-26,22:49:21
Â ron desantis elon musk,2023-05-26,19:37:30
Â ron desantis,2023-05-26,19:37:14
Â dan heng build,2023-05-26,19:20:02
Â dan heng,2023-05-26,19:19:56
Â the batman review,2023-05-26,09:12:02
Â the batman,2023-05-26,09:11:56
Â dan heng build,2023-05-25,20:42:07
Â blackpink coachella 2023 intor,2023-05-25,20:22:06
Â blackpink coachella 2023,2023-05-25,20:20:27
Â welt honkai star rail,2023-05-25,20:10:48
Â welt,2023-05-25,20:10:44
Â star rail team comp,2023-05-25,20:04:27
Â star rail team comp,2023-05-25,06:54:24
Â star rail team comp,2023-05-22,08:11:39
Â star rail tier list,2023-05-22,08:11:28
Â star rail,2023-05-22,07:04:16
Â pei min xin,2023-05-20,23:01:45
Â translucent the boys,2023-05-20,05:27:37
Â moistcritikal,2023-05-20,01:23:06
Â moistcritikal tyler1,2023-05-20,01:22:02
Â best starwars troopers,2023-05-18,18:40:52
Â ruler jdg,2023-05-18,15:26:17
Â jdg t1,2023-05-18,14:48:32
Â king for a day,2023-05-18,05:45:42
Â soundtrack to my life,2023-05-18,05:05:57
Â 2nd legion 40k,2023-05-18,04:30:41
Â salamanders 40k,2023-05-18,02:18:26
Â warhammer lore,2023-05-18,01:23:25
Â warhmer lote,2023-05-18,01:23:23
Â jesse lee peterson,2023-05-16,20:52:12
Â drx maokai,2023-05-16,15:44:30
Â the suicide squad,2023-05-16,04:53:44
Â suicide squad,2023-05-16,04:42:22
Â aquaman review,2023-05-16,04:21:11
Â battle cats,2023-05-15,14:34:28
Â the punisher vs billy russo,2023-05-15,00:15:27
Â the punisher,2023-05-15,00:02:16
Â battle cats beginner guide,2023-05-14,22:53:59
Â battle cats,2023-05-14,22:53:57
Â battle cats,2023-05-14,12:21:55
Â the punisher,2023-05-13,23:35:40
Â the lunisher,2023-05-13,23:35:39
Â slime legend,2023-05-13,23:08:45
Â jdg vs gg,2023-05-12,07:13:24
Â brawl stars tier list,2023-05-11,18:49:48
Â vivacious honey bikini,2023-05-11,13:24:56
Â vivacious hiney bikini,2023-05-11,13:22:22
Â c9 vs blg,2023-05-11,10:52:21
Â c9 vs blg,2023-05-11,05:22:43
Â c9 vs blg,2023-05-11,03:19:02
Â c9 vs blh,2023-05-11,03:18:58
Â jubilee 5 straight 1 gay hasan,2023-05-10,15:03:36
Â jubilee 5 straight 1 gay,2023-05-10,15:03:15
Â nose the size of a plum,2023-05-10,15:03:08
Â last jedi review,2023-05-10,11:01:38
Â induced demand,2023-05-10,09:01:49
Â economics explained,2023-05-10,09:01:34
Â nose the size of a plum,2023-05-09,23:54:32
Â nose rhe size if a pljm,2023-05-09,23:54:30
Â spen lc,2023-05-09,22:49:14
Â caedral,2023-05-09,11:41:16
Â mixed strategy nash equilibrium,2023-05-08,15:48:49
Â game theory dominant and dominated strategy,2023-05-08,15:38:57
Â game theory economics nash equilibrium 3 by 3,2023-05-08,15:35:52
Â game theory economics nash equilibrium,2023-05-08,15:35:27
Â cournot model of oligopoly,2023-05-08,15:22:16
Â profit max monopsony,2023-05-08,11:08:39
Â profti max monoposny,2023-05-08,11:08:34
Â bullet train review,2023-05-08,01:11:12
Â roberts campus cmc,2023-05-06,10:59:02
Â lll vs psg,2023-05-06,07:06:23
Â bull brawl stars,2023-05-05,21:49:24
Â bull,2023-05-05,21:49:18
Â lll vs psg,2023-05-05,14:10:59
Â gg vs blg,2023-05-04,12:37:50
Â blg vs gg,2023-05-04,12:21:35
Â brawler builds,2023-05-03,15:11:35
Â gg vs gam,2023-05-03,11:20:54
Â msi,2023-05-03,08:44:11
Â brawl stars,2023-05-03,00:17:48
Â astroworld,2023-05-02,18:29:35
Â astroeorkd,2023-05-02,18:29:33
Â rodeo review,2023-05-02,15:19:06
Â brawler tier list,2023-05-02,12:30:48
Â buster build,2023-05-01,17:18:02
Â best build for every brawloer,2023-05-01,15:50:11
Â buster build,2023-05-01,09:12:01
Â brand redesign,2023-05-01,00:10:44
Â after hours song,2023-05-01,00:09:40
Â after hours fantano,2023-04-30,23:54:08
Â after hours,2023-04-30,23:53:51
Â i quit league of legends,2023-04-28,09:28:49
Â kairos time,2023-04-27,20:39:24
Â staggering letters webflow,2023-04-27,14:06:51
Â steven crowder,2023-04-27,00:01:09
Â breakpoints webflow,2023-04-26,11:02:39
Â breakpoints,2023-04-26,11:02:33
Â brawler difficulty,2023-04-26,10:17:20
Â brawlder difficulty,2023-04-26,10:17:17
Â black pill,2023-04-24,23:12:08
Â military press,2023-04-24,20:38:29
Â katevolved,2023-04-24,17:45:48
Â contrapoints jordan peterson,2023-04-24,16:28:16
Â contrapoints jordan peterson,2023-04-24,15:34:52
Â contrapoints,2023-04-24,15:34:45
Â darius vs zed,2023-04-24,12:24:32
Â fang brawl stars,2023-04-23,21:59:01
Â brawl stars gears,2023-04-23,19:49:15
Â stu montage,2023-04-23,19:44:40
Â beef,2023-04-23,19:09:23
Â spongebob canibalism,2023-04-23,11:19:05
Â spooosity,2023-04-23,11:18:45
Â spooosiry,2023-04-23,11:18:42
Â sposity,2023-04-23,11:17:36
Â ben shapiro,2023-04-21,15:01:39
Â double fantasy,2023-04-21,11:32:09
Â twitch streamer 30 seconds to mars,2023-04-21,11:01:04
Â 30 seconds to mars,2023-04-21,10:58:52
Â herman miller ceo,2023-04-21,10:50:18
Â herman miller pity city,2023-04-17,19:58:22
Â renata glasc,2023-04-16,15:01:26
Â cookielol,2023-04-15,20:03:25
Â webflow navbar fixed,2023-04-12,20:05:10
Â webflow sticky navbar,2023-04-12,14:35:35
Â webflow fixed,2023-04-12,14:28:56
Â webflow sitkc y,2023-04-12,14:18:38
Â webflow editor,2023-04-12,12:58:30
Â weeknd ai,2023-04-11,19:52:36
Â shawn cee,2023-04-11,16:29:56
Â ekko mid,2023-04-10,23:01:29
Â omg,2023-04-10,15:54:23
Â bjergsen,2023-04-09,22:39:28
Â #leagueoflegends,2023-04-09,22:27:06
Â good news mac miller,2023-04-09,17:49:20
Â lcs,2023-04-09,15:58:09
Â flywuesr vs gg,2023-04-08,20:46:54
Â clash mink,2023-04-08,08:43:16
Â how to add customer reviews to website webflow,2023-04-06,14:49:15
Â clash mink,2023-04-06,13:37:31
Â arcane trailer season 2,2023-04-05,18:09:18
Â arcane trailer,2023-04-05,18:09:12
Â something appear and move while you scroll webflow,2023-04-05,14:05:23
Â something appear and move while you scroll,2023-04-05,14:05:18
Â soemthing appear and move whole uou scrill,2023-04-05,14:05:17
Â how to make a line appear as you scroll webflow,2023-04-05,14:04:45
Â god hates video games,2023-04-05,13:32:56
Â webflow transition,2023-04-04,15:34:26
Â clash mink,2023-04-04,10:13:05
Â cyberpunk edgerunner,2023-04-03,21:10:15
Â cyberpunk edgerunner music,2023-04-03,19:55:54
Â cyberpunk edgerunner,2023-04-03,18:02:29
Â cyberpunk edgerunner,2023-04-02,23:24:54
Â cyberpunk edgerunner,2023-04-02,22:03:45
Â cyberpunk edgerunner,2023-04-02,19:55:02
Â cyberpunk 2077,2023-04-02,19:34:18
Â sandiction,2023-04-02,14:51:37
Â spearshot,2023-04-02,10:11:37
Â penguinz0,2023-04-01,19:19:00
Â clash mini\,2023-03-31,21:07:49
Â ap varus,2023-03-31,14:36:34
Â kassidin guide,2023-03-31,00:36:19
Â kassidin,2023-03-31,00:35:02
Â short run cost minimization solution,2023-03-30,12:46:32
Â short run cost minimization,2023-03-30,12:44:46
Â meatcanyon sneako,2023-03-29,23:03:55
Â meatcanyon,2023-03-29,23:00:24
Â legend slime,2023-03-28,15:44:29
Â webflwo navbar,2023-03-26,17:15:15
Â brawl stars,2023-03-26,11:11:13
Â caedrel plays lcs,2023-03-25,17:46:50
Â caedrel plays lec pop quiz,2023-03-25,17:32:58
Â webflow page scroll animation,2023-03-25,12:28:43
Â webflow basics,2023-03-25,11:08:55
Â webflow long page,2023-03-25,11:07:40
Â webflow vertical scroll,2023-03-25,11:02:20
Â webflow scroll,2023-03-25,11:02:12
Â webflow page scroll,2023-03-25,11:02:05
Â webflow page transition,2023-03-25,11:00:33
Â webflow animatoin,2023-03-24,22:05:43
Â webflow horizontal animation,2023-03-24,22:04:53
Â webflow underline on hover,2023-03-24,21:44:02
Â webflow font variantion,2023-03-24,21:29:44
Â webflow font variant,2023-03-24,21:29:34
Â webflow underline on hover,2023-03-24,10:33:02
Â webflow underline on hover,2023-03-24,09:11:48
Â webflow on hover,2023-03-24,08:59:47
Â webflow basics,2023-03-23,14:50:26
Â webflow badics,2023-03-23,14:50:25
Â webflow badi s,2023-03-23,14:50:20
Â bad posture,2023-03-22,22:55:24
Â knife talk 21 savage only,2023-03-22,20:25:29
Â washing legs,2023-03-21,23:09:26
Â washing kegs,2023-03-21,23:09:21
Â skill slime legend,2023-03-21,17:23:01
Â ad sylas,2023-03-20,12:21:54
Â synapse,2023-03-20,12:20:31
Â dynapse,2023-03-20,12:20:30
Â tf blade sylas,2023-03-20,12:20:03
Â im just a bill,2023-03-20,08:02:45
Â the last of us moist meter,2023-03-19,13:01:28
Â tge last of us,2023-03-19,13:01:19
Â baus,2023-03-19,00:14:08
Â ekko vs jinx,2023-03-18,20:06:36
Â cosmonaut arcane,2023-03-18,20:02:48
Â best slimes slime legend,2023-03-18,16:27:08
Â best slies,2023-03-18,16:27:00
Â slime legend best build,2023-03-18,10:41:14
Â union jack fiddlesticks,2023-03-17,21:45:52
Â slime legend best build,2023-03-13,14:02:18
Â legend slime glitch,2023-03-12,19:03:47
Â legend slime glitch,2023-03-12,09:52:45
Â legend slime,2023-03-12,09:52:39
Â clash royale,2023-03-11,23:38:40
Â kairostime,2023-03-11,23:38:09
Â clash orange,2023-03-11,23:37:52
Â clash with ashe,2023-03-11,23:37:36
Â nickatnyte,2023-03-11,23:37:20
Â poppularmmos,2023-03-11,23:35:43
Â baus,2023-03-09,12:00:35
Â sdp interlude extended,2023-03-08,16:43:07
Â green book piano scene,2023-03-08,16:17:14
Â fire haven,2023-03-08,16:13:14
Â history of socialism,2023-03-07,19:11:15
Â risen fiddlesticks,2023-03-07,15:25:56
Â Trump song,2023-03-06,19:49:27
Â fire haven,2023-03-06,09:09:01
Â Fire oasis,2023-03-06,09:08:53
Â light usland,2023-03-06,09:05:57
Â Light usland,2023-03-06,00:53:10
Â driftveil city music,2023-03-04,16:17:45
Â Happy mysic,2023-03-04,16:15:46
Â massage music,2023-03-04,15:58:48
Â fiddlesticks,2023-03-01,14:52:40
Â dunkey league,2023-03-01,13:35:22
Â dunkey leag,2023-03-01,13:35:18
Â dunkey,2023-03-01,13:35:01
Â fiddlesticks skins,2023-02-28,22:42:57
Â dr k,2023-02-28,15:09:58
Â use traps insatead of shoulders,2023-02-27,22:45:44
Â aot hardstyle,2023-02-27,21:31:47
Â Figma creating shapes,2023-02-27,16:52:38
Â Figma creating shales,2023-02-27,16:23:59
Â whiteheads on top lip,2023-02-27,01:03:14
Â better posture,2023-02-27,00:57:15
Â fiddle cleara,2023-02-26,22:20:30
Â yeat x dxnny phxntom,2023-02-26,21:32:17
Â danny phantom,2023-02-26,21:32:13
Â happychime fiddle,2023-02-26,19:38:36
Â good news,2023-02-26,17:36:07
Â circles mac miller,2023-02-26,17:35:53
Â Circles,2023-02-26,17:35:40
Â Cires,2023-02-26,17:35:37
Â reroll vi,2023-02-26,14:52:43
Â reroll vie,2023-02-26,14:52:41
Â kha mid,2023-02-26,00:31:58
Â aot hardstyle,2023-02-22,22:16:29
Â yeat x dxnny phxntom,2023-02-22,22:12:42
Â bard top,2023-02-22,14:22:33
Â don't be dissing my n dawg,2023-02-21,19:44:34
Â South Park yaoi,2023-02-21,19:42:31
Â Sotuhpark yaoi,2023-02-21,19:42:29
Â Food theory,2023-02-21,00:19:02
Â haitian revolution,2023-02-20,16:40:52
Â lcs day 3,2023-02-19,00:32:03
Â lcs,2023-02-19,00:31:58
Â off meta tear list,2023-02-18,22:53:34
Â blank space karaoke,2023-02-18,22:09:21
Â Taylor seift,2023-02-18,22:09:00
Â blinding lights karaoke,2023-02-18,22:05:34
Â photograph ed sheeran karaoke,2023-02-18,22:05:23
Â let it go karaoke,2023-02-18,22:01:23
Â one direction what makes you beautiful,2023-02-18,22:00:44
Â Grenade,2023-02-18,21:59:31
Â you belong with me karaoke,2023-02-18,21:57:29
Â bruno mars just the way you are kareoke,2023-02-18,21:57:16
Â bruno mars just the way you are,2023-02-18,21:55:34
Â katy perry last friday night,2023-02-18,21:54:43
Â love yourself,2023-02-18,21:53:58
Â love yourself karaoke,2023-02-18,21:53:38
Â tank kogmaw,2023-02-17,23:19:26
Â yamikaze rage,2023-02-15,22:55:40
Â dr k,2023-02-15,22:06:45
Â Self contorl live,2023-02-15,21:55:19
Â Self contorl love,2023-02-15,21:55:15
Â team liquid,2023-02-15,19:26:56
Â flyquest,2023-02-15,19:22:19
Â lcs,2023-02-15,19:00:11
Â lcs,2023-02-15,18:05:16
Â baus j4,2023-02-14,16:20:30
Â calculating compensating variation on price change,2023-02-14,15:22:54
Â baus stop illaoi,2023-02-14,11:54:40
Â film theory breaking bad,2023-02-13,23:11:13
"Â microeconomics indifference curves, demand for x and y",2023-02-13,22:06:33
Â microeconomics indifference curves,2023-02-13,22:05:31
Â microeconomics basket analysis,2023-02-13,22:04:58
Â mucroevonomics basket analysis,2023-02-13,22:04:56
Â cobb douglas basket analysis,2023-02-13,22:04:28
Â cobb douglas utility function,2023-02-13,22:02:42
Â khazix theme,2023-02-13,00:34:14
Â Champ themes,2023-02-12,23:21:58
Â Khazix theme,2023-02-12,23:21:38
Â Renata theme,2023-02-12,23:21:11
Â king for a day sped up,2023-02-12,21:51:48
Â yeat x dxnny phxntom,2023-02-11,16:22:09
Â danny phantom,2023-02-11,16:22:05
Â two big guys,2023-02-11,13:08:34
Â air island full song,2023-02-11,13:07:08
Â Baus,2023-02-10,23:48:39
Â relaxing piano music,2023-02-10,19:44:20
Â oversimplified french revolution,2023-02-08,11:03:28
Â my singing monsters,2023-02-07,20:16:51
Â yeat x dxnny phxntom,2023-02-06,22:32:41
Â narcos history buff,2023-02-05,21:44:49
Â narcos hiding in wall,2023-02-05,21:44:42
Â ben shaprio tyree nichols,2023-02-04,17:22:26
Â tyree nichols,2023-02-04,17:21:27
Â Baus illaoi,2023-02-01,21:42:25
Â Baus illaoi,2023-02-01,18:50:14
Â yeat x dxnny phxntom,2023-01-31,21:47:45
Â rango review,2023-01-31,19:48:41
Â get a job bum,2023-01-30,21:13:20
Â Get a job bum,2023-01-30,09:52:21
Â netball,2023-01-27,16:43:57
Â zuko,2023-01-26,22:46:43
Â Lcs day 1,2023-01-26,20:26:57
Â evil morty theme,2023-01-24,18:48:01
Â Tiny tower,2023-01-22,23:56:33
Â or nah,2023-01-22,21:09:54
Â call out my name mike dean,2023-01-22,15:47:43
Â steven crowder,2023-01-22,14:21:26
Â Taoli bei maiden warriors,2023-01-22,13:28:08
Â Clare lee,2023-01-22,13:17:08
Â higgs,2023-01-21,22:02:59
Â Higgs,2023-01-21,21:26:48
Â Highs,2023-01-21,21:26:45
Â out of time instrumental,2023-01-21,14:16:39
Â out of time instrumental,2023-01-21,10:04:44
Â call out my name the weeknd,2023-01-21,09:44:31
Â body dismorphia dr k,2023-01-20,22:25:16
Â body dismorphia,2023-01-20,22:21:07
Â bohemian rhapsody drunk,2023-01-19,00:11:32
Â bohemian rhapsody live,2023-01-19,00:04:38
Â needledrop kissland,2023-01-16,21:50:15
Â john wick review,2023-01-15,21:09:05
Â john wick,2023-01-15,21:09:02
Â Material girl weeknd,2023-01-15,20:49:07
Â Material girl aeek d,2023-01-15,20:49:05
Â Material girl,2023-01-15,20:49:01
Â yeat x dxnny phxntom,2023-01-15,16:03:02
Â then something just snapped,2023-01-15,16:02:58
Â i don't care anymore,2023-01-15,16:02:44
Â danny phantom,2023-01-15,16:02:35
Â Phantom x,2023-01-15,16:02:09
Â x unreleased song,2023-01-15,15:45:47
Â Fantano kissland,2023-01-15,12:22:55
Â trance drake,2023-01-14,17:07:48
Â sanchovies,2023-01-14,11:55:22
Â puss in boots 2 death,2023-01-13,21:52:01
Â puss in boots 2,2023-01-13,21:28:00
Â puss in boots death,2023-01-13,21:24:19
Â puss in boots 2,2023-01-13,16:21:13
Â talon,2023-01-13,14:19:22
Â masculinity dr k,2023-01-13,09:43:29
Â yassuo,2023-01-13,00:04:39
Â yassuo vs faker,2023-01-13,00:04:25
Â fulcrum shittington,2023-01-12,22:36:55
Â clash mini,2023-01-11,22:27:47
Â Clash mini,2023-01-11,17:54:40
Â John wick,2023-01-11,11:08:54
Â Dr k,2023-01-10,15:28:46
Â Alone again,2023-01-10,15:12:06
Â house of balloons,2023-01-10,11:23:28
Â Gangplank,2023-01-09,21:12:44
Â Dr k,2023-01-09,20:27:06
Â blonde,2023-01-09,15:08:07
Â after hours,2023-01-08,22:12:11
Â trained like superheroes,2023-01-08,16:34:36
Â Sanchovies,2023-01-08,14:32:17
Â Sanchovies movie,2023-01-08,14:30:53
Â Best weeknd somg,2023-01-08,12:18:43
Â clash mini,2023-01-08,00:15:36
Â shawn cee best weeknd,2023-01-07,21:54:59
Â bard,2023-01-07,21:19:12
Â miss the rage mario judah,2023-01-06,21:35:49
Â webo cup,2023-01-06,19:55:32
Â edg,2023-01-06,19:55:13
Â buy 2 ciulls,2023-01-06,19:47:14
Â 2 culls,2023-01-06,19:47:06
Â take me back to la the weeknd,2023-01-06,13:40:57
Â doaenel,2023-01-06,13:11:07
Â gangplank,2023-01-05,11:13:53
Â everlong mysingingmonsters,2023-01-05,01:10:17
Â everlong,2023-01-05,01:10:08
Â yoirkc,2023-01-03,00:20:44
Â roick,2023-01-03,00:20:41
Â torick,2023-01-03,00:20:36
Â damar hamlin,2023-01-02,23:09:52
Â yorick,2023-01-02,21:43:28
Â chime minister,2023-01-02,21:09:45
Â listening to boogie wit da hoodie,2023-01-02,21:06:22
Â dean scream,2023-01-02,14:30:27
Â No more crusty lips,2023-01-02,12:33:45
Â happy chime,2023-01-02,00:05:00
Â would a giant icecute from space stop global woarming,2023-01-01,23:07:25
Â renata theme,2023-01-01,14:34:46
Â prestige skin,2023-01-01,14:29:08
Â fanchen rush e,2022-12-31,15:55:41
Â aot hardstyle,2022-12-31,14:55:25
Â megamind,2022-12-31,00:02:58
Â join friends elden ring,2022-12-30,23:00:45
Â andrew tare greta thunburg,2022-12-29,18:48:44
Â the report of the week five guys,2022-12-27,17:18:09
Â twitch top,2022-12-26,19:13:10
Â rammus,2022-12-24,23:25:40
Â Spearshot,2022-12-23,23:09:11
Â steven crowder,2022-12-23,16:26:30
Â spearshot,2022-12-22,23:48:36
Â popeyes shirmp review,2022-12-22,22:01:27
Â akon lonely,2022-12-22,00:41:23
Â Akon,2022-12-22,00:41:17
Â mathematically correct pantheon,2022-12-21,23:01:20
Â Benee ted,2022-12-21,19:08:07
Â baus,2022-12-21,14:16:25
Â 2020 top teacks shawn cee,2022-12-21,13:31:44
Â 2020 top teacks shawn,2022-12-21,13:31:40
Â 2020 top teacks,2022-12-21,13:31:34
Â Brene,2022-12-21,09:42:17
Â pantheon adc,2022-12-19,23:27:25
